Country Name,Country Code,Series Name,Series Code,1980 [YR1980],1981 [YR1981],1982 [YR1982],1983 [YR1983],1984 [YR1984],1985 [YR1985],1986 [YR1986],1987 [YR1987],1988 [YR1988],1989 [YR1989],1990 [YR1990],1991 [YR1991],1992 [YR1992],1993 [YR1993],1994 [YR1994],1995 [YR1995],1996 [YR1996],1997 [YR1997],1998 [YR1998],1999 [YR1999],2000 [YR2000],2001 [YR2001],2002 [YR2002],2003 [YR2003],2004 [YR2004],2005 [YR2005],2006 [YR2006],2007 [YR2007],2008 [YR2008],2009 [YR2009],2010 [YR2010],2011 [YR2011],2012 [YR2012],2013 [YR2013],2014 [YR2014],2015 [YR2015],2016 [YR2016],2017 [YR2017],2018 [YR2018],2019 [YR2019]
Burundi,BDI,"Population, total",SP.POP.TOTL,4312834,4490743,4602271,4726506,4842268,4948024,5041706,5157769,5271840,5373697,5483793,5594828,5743085,5555220,5586408,5932783,5930507,5923862,6035340,6180180,6307659,6465729,6648938,6860846,7120496,7388874,7658190,7944609,8278109,8709366,9126605,9455733,9795479,10149577,10494913,10727148,10903327,11155593,11493472,11874838
Burundi,BDI,GDP (current US$),NY.GDP.MKTP.CD,919726666.666667,969046666.666667,1013222222.22222,1082926304.46477,987143931.166987,1149979285.77347,1201725497.06578,1131466494.01101,1082403219.48787,1113924130.41149,1132101252.51817,1167398478.3459,1083037670.60484,938632612.026359,925030590.153683,1000428393.88528,869033856.317093,972896267.915425,893770740.207416,808077223.365746,870486065.883137,876794723.068586,825394519.423728,784654423.620476,915257323.3961,1117113079.73645,1273375078.44844,1356199387.42308,1611835857.04588,1781455139.85931,2032135192.01248,2235820809.32006,2333341334.45753,2451606632.29246,2705783329.80483,3104003546.26497,2644487776.50077,2723586962.84034,2667182199.51333,2576518879.82353
Burundi,BDI,"Inflation, GDP deflator: linked series (annual %)",NY.GDP.DEFL.KD.ZG.AD,..,..,..,..,..,..,..,..,..,..,5.98556154520156,4.09314079275475,5.40176069954681,7.74264567579905,6.63844545647953,16.1027117424962,14.4531114060499,32.3977892307747,11.4505560048054,14.9541402608853,13.1788357555569,13.7164067920133,1.02785857373888,11.9457486448591,13.1461593314354,18.8415894769233,2.84566633376673,8.27337562886336,24.2157937434401,10.4587965254196,8.56155516425477,8.36425019828808,14.294071682425,7.9531039994456,5.30565602774391,21.3187470230149,0.97317644189674,11.4491826066034,-2.85085930198137,0.851867434793434
Burundi,BDI,Total debt service (% of GNI),DT.TDS.DECT.GN.ZS,0.935356887149965,0.818644246560219,0.811386666298343,1.3481961735312,2.43591773653158,2.31692634157116,2.96567156832785,4.23999127622108,4.3722317965844,3.90281209507389,3.79505487758829,3.39639456826271,3.70414877251914,3.88498129912966,4.47985662583676,3.90990694368674,3.61933968498787,3.06361459149184,3.44724015032767,3.74747454350212,2.55868846413209,2.71595947764216,2.91562712536028,3.86004460485234,9.95090738529661,3.63953371093758,1.57939605110279,1.34777677647789,1.22115777651089,1.12592549805291,0.216438850297293,0.429982870170307,0.890744508161998,1.31417977892452,0.978244175105294,0.867539084799958,1.26379708635911,1.00258145850772,1.12167969001283,1.45893142153691
Burundi,BDI,Adjusted net national income per capita (current US$),NY.ADJ.NNTY.PC.CD,169.530281661481,173.686337471399,168.254295165199,183.983348554294,161.602397027734,185.764659055847,183.800390124339,164.842370176753,153.131192353073,154.215258262436,149.249788359154,153.81949259043,135.931481042864,121.162749655007,114.092188689334,103.883765436996,82.3050400120126,101.043055966466,87.8251225224171,92.0441107053068,101.215468890145,90.2505741013015,75.8459181614786,50.8031895732322,68.9453764048888,87.821822204905,104.461317570979,89.5895731586908,102.163676751243,111.863384731219,137.801936229988,143.933545612263,163.632263137615,168.763875092662,180.931615965556,208.080391888021,165.447320510769,165.851121590834,168.281155714724,157.475485123146
Burundi,BDI,"Official exchange rate (LCU per US$, period average)",PA.NUS.FCRF,90,90,90,92.9483333331667,119.709166666167,120.690749999417,114.171083333167,123.563833333333,140.395,158.666666666667,171.255416666667,181.512583333333,208.302666666667,242.78,252.6625,249.7575,302.746666666667,352.350833333333,447.765833333333,563.5625,720.673333333333,830.353333333333,930.749166666667,1082.62,1100.9,1081.57716666667,1028.683553,1081.8696825,1185.69083333333,1230.17916666667,1230.74833333333,1261.07333333333,1442.505625,1555.09083333333,1546.68666666667,1571.89833333333,1654.62666666667,1729.055,1782.876875,1845.62289069697
Chad,TCD,"Population, total",SP.POP.TOTL,4408230,4409225,4622828,4859173,4920556,4967590,5118160,5300852,5483038,5670619,5827069,6042428,6302926,6448280,6592998,6888856,7200291,7450874,7709115,7981889,8259137,8538804,8838369,9196366,9613503,10005012,10365614,10722731,11098664,11496128,11894727,12317730,12754906,13216766,13697126,14140274,14592585,15085884,15604210,16126866
Chad,TCD,GDP (current US$),NY.GDP.MKTP.CD,1033002403.85304,876937558.273757,834369859.663018,832415806.010064,919103734.876996,1033069709.3319,1067828245.86207,1163426852.20442,1482597297.98821,1433686312.02914,1738605557.76313,1877137981.75712,1881847669.69794,1463251163.9188,1179837963.22213,1445919894.57661,1607345355.78298,1544689576.92712,1744794531.21401,1534673583.2487,1388506771.58756,1710843377.00119,1997005708.81576,2742815071.5744,4422855660.82592,6649307523.64377,7428701453.91509,8650137743.32547,10393833765.3651,9290728318.98821,10668103554.1192,12172308851.0395,12367362757.1342,12953534866.4286,13940767218.5849,10950392256.9543,10097778098.1707,10000394381.0177,11239167898.3395,11314951091.7283
Chad,TCD,"Inflation, GDP deflator: linked series (annual %)",NY.GDP.DEFL.KD.ZG.AD,..,..,..,..,..,..,..,..,..,..,8.01232903488547,3.0734989661165,-12.9065538294357,-1.31460371890813,43.5449637733589,8.83312726645855,11.4584549508316,3.78278546499355,6.74940882900434,-7.57286628466451,5.2898048599024,13.797652751767,1.90781944012426,0.0790046920912317,9.73425647986646,23.0012300123001,9.98442792041423,3.30193426256776,8.64881979028074,-9.55875447756326,6.3911950513067,8.58039895814788,1.09724571223187,-4.14136740417744,0.645785332472741,-8.48001725832678,-1.40083927949904,0.0282519135155042,5.01465777807508,2.85603411987745
Chad,TCD,Total debt service (% of GNI),DT.TDS.DECT.GN.ZS,0.576834760580201,0.872471812203298,0.208282733794582,0.136278967878224,0.841500400597398,1.69574799856929,0.746258581839988,0.652938694158616,0.654495814553458,0.819908350532293,0.687034536819859,0.536366364369092,0.493555833692574,0.956763098866429,1.33813157126581,1.0627649019,1.73566955993796,2.12966994562937,1.7064533541863,1.90123394784429,1.82211424343938,1.21207254159441,1.41749982449866,1.80237474308855,1.05140533526987,0.970669758173662,0.919406937716965,0.920860510041081,1.57353052891882,0.872586048926433,0.709269682017102,0.698391474756328,0.693006429307068,0.968034381213158,4.41893856870309,1.0615376764517,1.62882708383129,1.68370217585519,1.59256867717336,1.1952236652295
Chad,TCD,Adjusted net national income per capita (current US$),NY.ADJ.NNTY.PC.CD,193.71028107797,160.797233826476,140.404569693685,143.027709443979,159.849119653017,184.839126716528,179.234726315613,190.062903301241,238.452741743296,222.785810903101,260.801609437645,276.408948564388,265.554955538835,192.275641870814,149.291531829699,172.028140980227,184.893085532947,171.811737852331,191.353991223444,166.182830410905,141.178409380588,173.412239958023,185.233793643103,196.345105521694,231.198963430759,358.791778496463,392.905420251882,466.533279439626,518.218423757595,598.529662249155,658.041636908063,697.358050265594,701.455070214487,712.286199805534,774.064300545246,598.270584412004,521.899615455284,472.59415206713,527.843534595948,513.196577840344
Chad,TCD,"Official exchange rate (LCU per US$, period average)",PA.NUS.FCRF,211.279555414705,271.731452550327,328.60625269899,381.066036024628,436.956665788008,449.262962711607,346.305903554493,300.536562401478,297.848218819378,319.008299487903,272.264787954393,282.10690880882,264.691800750579,283.162579500018,555.204695655697,499.14842590131,511.552430272516,583.669372353396,589.951774567332,615.473349319164,710.207977031367,732.397693260228,693.713226496374,579.897426172466,527.338032291576,527.258362649626,522.425624895176,478.633718476363,446.000041432788,470.293423341398,494.794262222947,471.248625718937,510.556338454251,493.899623852237,493.757329875312,591.21169798261,592.605615063022,580.656749587858,555.446458398226,585.911013180369
Mali,MLI,"Population, total",SP.POP.TOTL,7372581,7532864,7696349,7863944,8030099,8187651,8334588,8474329,8617474,8774122,8945026,9123969,9310572,9506510,9711797,9921094,10131906,10359301,10620475,10916993,11239101,11583824,11952660,12342165,12751995,13180551,13623541,14080912,14551117,15032635,15529181,16039734,16514687,17004033,17551814,18112907,18700106,19311355,19934298,20567424
Mali,MLI,GDP (current US$),NY.GDP.MKTP.CD,1759691186.39993,1538972424.36635,1333754224.99949,1297765325.90273,1232932104.07276,1392196047.99695,1852163453.15326,2090629986.97643,2169040603.19394,2181821909.27892,2681912148.69842,2724131458.26216,2830673378.13006,2818281085.08646,2081846497.74648,2706425157.39397,2780422049.21204,2697105823.4661,2920358710.50646,3440724709.59258,2961484953.86444,3468337942.32063,3908121307.01957,4714071979.68835,5454249125.72966,6247515888.14533,6905934217.90901,8156468826.12645,9838403100.50554,10231962390.2119,10689168016.2613,12995112690.2596,12442035339.1049,13242690786.0938,14364937124.0727,13104764378.326,14026048335.7047,15365713048.1993,17070867589.9055,17280250810.0321
Mali,MLI,"Inflation, GDP deflator: linked series (annual %)",NY.GDP.DEFL.KD.ZG.AD,..,..,..,..,..,..,..,..,..,..,7.60211265142119,-5.81605729864165,0.738816824028547,3.23509415515973,39.5623519084172,15.8089838973553,-1.65211919636276,5.58019782996804,1.73957502877444,-3.2149190917318,-0.619727920385017,4.67836208273651,3.51288172290896,-7.59428426979656,3.59862414352318,7.50171013084201,4.64687336088652,4.55504607669634,7.27636764178463,4.6359321620512,4.36499973505229,12.1828901287918,4.60540762762535,0.652631802447871,1.26864344003421,2.88350937506129,1.35112231370481,1.93427321118722,1.4579639111606,1.93054206895806
Mali,MLI,Total debt service (% of GNI),DT.TDS.DECT.GN.ZS,0.940459277259365,1.38329170602435,1.49389510147782,1.5997847049018,2.54766018789971,3.88612837644957,3.37487923826233,3.35596140782192,3.649164357013,3.18946078981298,2.54421190078615,1.66535018018955,2.07140744975318,2.79104601173932,4.28436855955423,3.26283284847506,4.26408107641963,3.20929094558894,2.85822469886776,3.13744248210542,3.1978324645884,2.43215628835567,2.22162474528626,1.67100383361524,1.86195780111246,1.64089927693789,1.26903820259599,0.810639897361826,0.725691836386013,0.701426159316062,0.671407990347857,0.561941125133903,0.503715243541634,0.863350263638275,0.779564277499357,0.887158109284754,0.973154993759452,1.09476072207239,1.09975117170693,1.27354705905012
Mali,MLI,Adjusted net national income per capita (current US$),NY.ADJ.NNTY.PC.CD,216.779855994264,183.97256862747,152.943339600426,147.987287914198,138.26110740379,157.048700141393,205.33607615085,228.847115952413,230.423209284235,230.467947465981,275.934864248082,276.383824310385,282.063941602414,277.226798119615,191.098190972586,245.256996411773,246.837533373955,230.12632365303,241.841487860305,285.856168554918,235.876140475121,258.391672676839,269.285484732318,332.584838458642,372.207111945104,415.201577887287,426.80022070152,482.080981255615,573.017426848673,564.871871254734,578.4053441735,672.987481591983,600.683478610461,641.729845106258,699.664046642666,620.000210456069,641.249280141022,684.825797742287,735.808588469471,711.910861057447
Mali,MLI,"Official exchange rate (LCU per US$, period average)",PA.NUS.FCRF,211.279555414705,271.731452550327,328.60625269899,381.066036024628,436.956665788008,449.262962711607,346.305903554493,300.536562401478,297.848218819378,319.008299487903,272.264787954393,282.10690880882,264.691800750579,283.162579500018,555.204695655697,499.14842590131,511.552430272516,583.669372353396,589.951774567332,615.473349319164,710.207977031367,732.397693260228,693.713226496374,579.897426172466,527.338032291576,527.258362649626,522.425624895176,478.633718476363,446.000041432788,470.293423341398,494.794262222947,471.248625718937,510.556338454251,493.899623852237,493.757329875312,591.21169798261,592.605615063022,580.656749587858,555.446458398226,585.911013180369
Sierra Leone,SLE,"Population, total",SP.POP.TOTL,3367477,3437108,3509197,3585773,3666262,3749419,3842917,3947865,4056215,4159163,4325388,4378169,4301566,4295689,4314953,4324149,4347370,4405028,4449975,4475145,4584067,4857096,5140113,5350907,5533329,5683334,5809774,5939163,6090860,6259842,6436698,6612385,6788587,6964859,7140688,7314773,7493913,7677565,7861281,8046828
Sierra Leone,SLE,GDP (current US$),NY.GDP.MKTP.CD,1100476190.47619,1114926660.91458,1294995964.48749,995278514.588859,1087450199.20319,856890498.625834,490181456.62441,660106321.417031,1055083945.37738,932974411.917142,649644097.566129,780098205.215036,679997997.597116,768812334.801762,911915970.683484,870758739.40678,941742152.709895,850218033.622007,672375927.347148,669384768.87263,635874002.198748,1074851475.17873,1236235826.58409,1369685676.56203,1430217080.66487,1627058424.93809,1862116290.541,2126679543.58623,2451896435.20157,2419014960.19967,2578159803.94597,2932274309.3957,3789251613.36066,4920343316.87093,5015180725.3416,4252029353.82191,3862721266.02162,3719443418.26155,4085114387.55605,4076578698.79107
Sierra Leone,SLE,"Inflation, GDP deflator: linked series (annual %)",NY.GDP.DEFL.KD.ZG.AD,..,..,..,..,..,..,..,..,..,..,70.5915492458487,128.761666613631,82.023579840279,26.7363212387903,25.0620437520758,33.5979877376705,29.5804868075411,2.25276836625179,23.775122880697,17.1938519293377,3.28114136455646,71.3519572034367,-3.93416695179114,13.1976867095312,12.8264525018684,16.6157673909282,12.4929903115551,6.60201902152011,9.21371748562095,8.54807025803485,17.4339236484559,17.295115700525,12.0412149954104,6.9591497150643,1.79536394969367,19.6403375168796,5.85170897389122,8.95600062684576,14.0105639435605,7.70278499631038
Sierra Leone,SLE,Total debt service (% of GNI),DT.TDS.DECT.GN.ZS,7.08423316016905,6.98904830483236,3.22761926064596,3.50119372013227,4.18224588708942,2.87548742464142,13.4463488837773,2.60296509811447,1.85337945346829,0.842948578178473,3.67030123876315,2.13748961428864,5.72771842488756,4.31896569593588,19.9061834356759,10.1321266406208,7.22510599889361,1.88283795777886,4.01663575225981,4.73938043592661,7.74187511478691,9.05748803256675,1.28379660321502,1.3875661293624,1.56453493009917,1.13834029567219,1.53578431179045,0.471362324853416,0.218879102300855,0.298133436100439,0.445562841375761,0.614139527293216,0.603767254541352,0.560761060274124,0.719280017932726,1.22665760232157,0.978823762886356,1.56943141047308,1.5126061102356,1.84730206228383
Sierra Leone,SLE,Adjusted net national income per capita (current US$),NY.ADJ.NNTY.PC.CD,262.161780131831,263.165713280698,296.898557289004,223.508188624662,247.735060201152,192.001865773697,87.8210561126079,138.798431172974,208.048389175293,176.668041067356,102.514324645516,132.461480200684,109.525651889743,141.238301865781,152.883461189238,146.106125509137,165.455245121961,147.29416881085,102.270786199824,115.731090621254,106.98098195474,187.836781785448,204.020603651692,206.277016974451,212.168959850278,239.318319955019,273.081858312585,322.4512097104,378.101300519505,362.416010110501,347.659948492168,375.200753062574,504.362832383751,622.532448798134,601.660082951553,488.239307698959,357.905233694917,396.503271101758,420.308605683922,440.943205771954
Sierra Leone,SLE,"Official exchange rate (LCU per US$, period average)",PA.NUS.FCRF,0.00104979764914154,0.00115909847113534,0.0012386504266874,0.00188533016350482,0.00250994999958333,0.0050941625,0.01609213333325,0.034042525,0.0325140833333333,0.0598127583333333,0.151445833333333,0.295344166666667,0.499441833333333,0.567458583333333,0.586739708333333,0.755215833333333,0.9207325,0.9814825,1.563618,1.804195,2.092125,1.98615416666667,2.09903386575,2.34794166666667,2.70129666666667,2.8895875,2.96190916666667,2.98518583333333,2.981515,3.38565,3.97808666666667,4.34916166666667,4.34403666666667,4.33250083333333,4.52415916666667,5.0807475,6.29029741495228,7.38443222248692,7.93163174973728,9.01022114400915
Rwanda,RWA,"Population, total",SP.POP.TOTL,5247532,5441966,5652900,5859396,6056729,6266752,6497804,6735829,6953975,7141974,7319962,7485681,7657208,7904740,6732665,5686897,6715510,7666732,7914645,8009587,8109989,8223941,8372306,8567992,8791853,9026299,9270066,9523168,9781996,10043737,10309031,10576932,10840334,11101350,11368451,11642959,11930899,12230339,12531808,12835028
Rwanda,RWA,GDP (current US$),NY.GDP.MKTP.CD,1254765641.52116,1407062526.91521,1407243139.2545,1479687586.94292,1587413083.9206,1715626330.59472,1944710683.87148,2157432667.61598,2395492686.78165,2405022593.05165,2550185679.08109,1911600236.67461,2029026961.55894,1971525711.83511,753636370.454545,1293535193.49248,1382334879.40812,1851558197.31088,1989343546.17594,2157240525.97173,2068955252.83541,1966719933.25386,1966111528.56793,2138354521.02184,2376642785.76983,2933999088.59914,3319974269.10464,4070746222.26691,5180228095.99803,5674899033.27806,6125216482.26839,6885492660.83242,7655465589.74669,7820741499.0814,8239766320.0954,8544621756.79813,8696069807.42495,9252834120.39358,9636254325.02444,10346326599.029
Rwanda,RWA,"Inflation, GDP deflator: linked series (annual %)",NY.GDP.DEFL.KD.ZG.AD,..,..,..,..,..,..,..,..,..,..,13.4614689148494,14.9789364261675,7.28328316123157,13.8705025888001,17.191302907218,51.2665830497826,10.9214157534778,15.6215024476197,2.22820064781288,-3.5161,3.2749984417062,-0.392278513828032,-5.22774299535132,20.3612952703693,11.0956779678482,9.03074056775924,2.46119067549569,12.9362020411462,14.455588182719,7.14788622703996,3.18725433037844,7.19243882039926,4.72365409571518,2.69046918957152,4.7321283467177,0.486320236768691,5.0291467499828,8.14156424910684,-0.638376649767352,2.44532262071142
Rwanda,RWA,Total debt service (% of GNI),DT.TDS.DECT.GN.ZS,0.605591109189989,0.586755231240298,0.517019820263913,0.626469459778041,0.795395671787138,1.04877687689052,1.03021288542483,1.11236896596773,0.952989137339483,1.20976703224504,0.827296874916787,1.22950813369223,1.05263257270823,1.09933595251696,0.557675049499681,1.55820499898979,1.28582216849517,1.21120748831585,1.05403922792537,1.52738724111166,1.77289981943463,1.05534216510437,0.973980119468675,1.0605983687881,1.14104343798116,0.971499866465907,0.813510611577047,0.581921488442652,0.930396517114602,0.700587000784379,0.855299868686614,0.68059784329249,1.13003196557569,1.42075330189731,2.10509413908064,2.20323859241891,2.62763057256157,2.73046218992837,2.8309628481717,3.25029303743422
Rwanda,RWA,Adjusted net national income per capita (current US$),NY.ADJ.NNTY.PC.CD,208.279500883114,237.104596429814,221.31600753267,230.876646638947,238.795747440721,248.895854644869,265.758016529041,285.072221619118,305.531257647229,295.187752371448,304.55086536097,217.90286471794,227.037190112247,214.369540175612,79.5137098908897,176.224778009755,158.698607623808,190.640351883983,199.105440654768,225.563228699216,217.018832325028,201.842430795341,197.030983700796,201.40385125232,223.466083531044,273.66235989388,303.931010258813,359.657393469809,429.997299155919,461.83443652241,486.998027097094,532.070293426235,573.35986302788,567.956568024814,581.37345656396,596.9906779161,587.268003662263,600.349104186357,617.92227920082,652.573605709965
Rwanda,RWA,"Official exchange rate (LCU per US$, period average)",PA.NUS.FCRF,86.063879888,87.1603050389567,93.0599674389567,96.09393524729,100.232891523645,101.244670649548,87.5909168166667,79.4606499916667,76.4477377333333,80.148978175,83.7040975583333,125.1642483,133.938583325,144.237020537225,140.703847467575,262.1822632586,306.82,301.529816666667,312.314091666667,333.941925,389.696216666667,442.991891666667,475.365241666667,537.65498475,577.448974583333,557.82264075,551.710333333333,546.955,546.848653166667,568.281326833333,583.130906583333,600.30651975,614.295142416667,646.6359745,682.4377953875,719.8595555,787.25152175,831.55433975,861.093412166667,899.350509
"Gambia, The",GMB,"Population, total",SP.POP.TOTL,718586,742846,768272,795563,824798,855958,888980,923914,960837,999732,1040616,1083536,1127152,1168309,1205882,1242155,1279070,1317002,1356189,1396499,1437539,1479449,1522223,1566257,1612225,1660368,1711294,1764883,1820542,1878119,1937275,1998212,2061014,2124869,2189019,2253133,2317206,2381182,2444916,2508883
"Gambia, The",GMB,GDP (current US$),NY.GDP.MKTP.CD,241083090.303623,218767743.459101,216050552.301584,213448584.936945,177340880.086204,225726358.890914,185646986.824927,220626484.224811,266672211.934161,284120329.401023,317083695.477797,690311080.515018,714254256.122189,755040974.087322,746493951.900959,785999864.840299,848239446.21576,803633342.473706,840285264.631545,814724032.065735,782913871.80966,687410645.063943,578235309.327198,487038685.045496,961900651.423441,1027701067.55688,1054112487.74083,1279703047.0221,1561766955.73024,1450142508.57808,1543294926.87301,1409693596.93594,1415004738.26621,1375609453.43746,1229461721.40861,1378176608.93204,1484578885.97132,1504909462.69521,1670671327.81651,1813609692.49994
"Gambia, The",GMB,"Inflation, GDP deflator: linked series (annual %)",NY.GDP.DEFL.KD.ZG.AD,..,..,..,..,..,..,..,..,..,..,11.9645333920464,8.25634121281324,7.12,5.14232248435012,3.77739655145763,3.9632505001165,2.91171220906664,3.84479165558895,2.51756553982175,4.34075178696239,2.2169826127346,15.1259780529526,16.1038775945466,27.3911400597239,94.1901141376152,4.11380528257159,1.30320399765218,4.41482490193262,2.47584586803727,4.51330535299645,5.64433086097335,4.57212350369147,3.84516021372072,5.93313138058191,5.21172310682789,9.72036242675256,7.82062274860979,3.92171862000133,6.95176403794258,6.25220639943007
"Gambia, The",GMB,Total debt service (% of GNI),DT.TDS.DECT.GN.ZS,1.74378159564336,3.18223258152429,8.06432900241854,6.97541139410371,7.21046922755457,3.57121408138921,14.5219471112712,10.1746054318568,8.43323010788351,8.89608971260148,12.9402247067833,4.60890894284468,4.26285655459033,3.80056601632951,4.27139115044361,3.64024528100859,3.36193647039426,3.41744735410397,3.1587862075088,2.71995195580221,2.9023033445886,2.21088286399018,2.7578778448864,4.41657544834184,4.00578450696029,2.8459128263604,2.93573556951744,2.70891275985202,1.10816268452061,1.37421126866765,1.66015958676194,1.99634133407064,1.94985968301847,2.28471467060601,4.04717950082033,3.03169310111748,2.83085303562787,2.70675724515878,2.85255801592852,2.53364400755154
"Gambia, The",GMB,Adjusted net national income per capita (current US$),NY.ADJ.NNTY.PC.CD,287.152495579425,246.412947113713,236.084283304518,214.978276475761,188.099942705848,260.736305499492,212.8388150258,239.009516363506,246.653496432045,229.911753078046,236.764465566541,540.585292572518,534.119087122558,543.454482861214,518.221841863652,526.824646114833,551.892466979421,499.325764780325,504.918877417805,476.247761275322,442.134079368476,372.942613732048,293.806209493346,234.785736693658,490.487996772282,508.965976280276,499.859719674154,587.034369323542,687.18882217321,611.046890408041,627.80197075042,528.2563172094,503.362910907611,476.050066035643,417.573991894619,451.95140489162,467.379625756873,465.578863307412,539.713040832986,568.385659977341
"Gambia, The",GMB,"Official exchange rate (LCU per US$, period average)",PA.NUS.FCRF,1.72098283991706,1.99017020931118,2.2895101853073,2.63857461911583,3.58405801260268,3.89387380444162,6.92497108826107,7.07440010539122,6.70842323781853,7.58358294004149,7.87899218084406,8.73314083987557,8.89571491305405,9.11441947156805,9.58177096011339,9.54426481930989,9.7971734695093,10.2001666666667,10.6431,11.3950916666667,12.7876250950944,15.6871583333333,19.917825,28.5305083333333,30.0300833333333,28.5754333333333,28.065725,24.8734333333333,22.19235,26.6443612042313,28.0119536626841,29.4615200601576,32.0771338886217,35.9575868341651,41.7329616505126,42.5062080923725,43.3725276731819,46.6089094621101,48.1517806379073,50.0624613684222
Costa Rica,CRI,"Population, total",SP.POP.TOTL,2414303,2481334,2550780,2622532,2696200,2771463,2847849,2924595,3001461,3079001,3158253,3239414,3321939,3405372,3489152,3572856,3656234,3739421,3821421,3901430,3979193,4053222,4122623,4188610,4252800,4315887,4378172,4440019,4501921,4563127,4622252,4679926,4736593,4791535,4844288,4895242,4945205,4993842,5040734,5084532
Costa Rica,CRI,GDP (current US$),NY.GDP.MKTP.CD,4831447001.16686,2623803095.78501,2606623554.56582,3146772630.77263,3660477856.22977,3919203960.39604,4418983870.96774,4532952047.15628,4614629898.40348,5251025767.47627,5711687786.75989,7196276092.461,8564041916.15275,9582868487.43217,10486787008.0926,11578594259.8675,11678424507.2457,12614602382.2012,13684255946.5765,14254866281.1537,15013629658.6521,15976174336.9721,16578820687.2881,17271760506.9483,18610594846.2083,20040642476.9817,22715540324.6944,26884700344.8406,30801744881.9502,30745714312.9905,37658614803.848,42762613699.9524,47231655431.1389,50949668840.8692,52016408951.8225,56441920821.0806,58847019609.6549,60516044657.2254,62420164991.5374,64417670521.1842
Costa Rica,CRI,"Inflation, GDP deflator: linked series (annual %)",NY.GDP.DEFL.KD.ZG.AD,..,..,..,..,..,..,..,..,..,..,18.547900299178,64.7746866232908,19.7288531343743,10.4355721703213,15.6704773391234,21.2362437856018,15.0750668353899,14.6798929254666,11.938194929588,11.0294713554238,9.38971354904071,9.72093790592623,9.78688628402089,10.6482369899355,13.3503494295112,13.0133254437489,12.9843104895786,10.516785943754,11.423785789757,9.70133091343581,6.62884491215073,4.5932251422024,4.73363296842541,4.59021167268916,6.20692042541053,3.95521539612993,1.95876479850916,2.85888372957956,2.1924784282276,2.56679211775625
Costa Rica,CRI,Total debt service (% of GNI),DT.TDS.DECT.GN.ZS,8.02655557577261,14.7240687368007,11.8917885722364,25.6480588517985,13.0955432396454,15.1020896189986,12.6794727024662,8.20508554391737,9.83569458797388,7.34345619757619,9.40738029282575,6.10687176983559,6.62322065132399,5.98211820545788,4.98713586684997,5.77758818764975,5.24276899824966,4.61075139716333,4.13615382113478,4.09238797098121,4.54877827509093,4.57258155360041,4.26118576787911,5.01572773304652,5.09107919261846,4.34187346224105,3.5569640697595,3.43747889985066,5.20276173529366,4.21517281459458,2.73471787631406,3.92818295530929,4.9976015938022,6.69269664849975,6.94239730880462,5.11860527663857,5.0172641078674,5.15842948128065,5.78175473372262,5.19076318473142
Costa Rica,CRI,Adjusted net national income per capita (current US$),NY.ADJ.NNTY.PC.CD,1737.33006174815,853.125317038275,782.830485457197,990.840279388762,1158.4804852392,1225.74936320584,1365.66676088517,1358.60856759477,1335.27277501462,1475.99845897632,1624.41976422799,2033.31968758187,2370.44141395833,2594.46577875469,2815.78585039105,3026.01508162305,2991.53819711665,3156.36379866054,3315.65122234711,3300.07820346734,3378.3685165429,3530.74908040428,3595.94616707873,3687.50522067414,3925.15487717826,4166.28360003297,4715.9182865125,5543.46339454358,6322.8274537716,6119.07288727839,7417.77752146118,8301.60488959396,9109.07152132419,9678.35110519984,9736.60978111357,10446.7590407173,10786.8880233463,10833.4465199305,11041.9189987741,11300.9351944679
Costa Rica,CRI,"Official exchange rate (LCU per US$, period average)",PA.NUS.FCRF,8.56999999908333,21.7633333325,37.40666666575,41.0941666656667,44.532683333,50.45335,55.9858916666667,62.7762,75.8047333333333,81.5042083333333,91.5792916666667,122.432416666667,134.506333333333,142.171666666667,157.066666666667,179.729166666667,207.689166666667,232.5975,257.229166666667,285.684694833333,308.186666666667,328.870833333333,359.81752688172,398.662222222222,437.935,477.786741487455,511.301817940348,516.617390232975,526.23551344086,573.287956733231,525.829200716846,505.664239919355,502.901461981567,499.766832565284,538.317200279058,534.565769969278,544.73936722902,567.51309030978,576.97250124808,587.294595686124
Ecuador,ECU,"Population, total",SP.POP.TOTL,8135845,8352602,8572607,8795873,9022979,9254311,9490096,9729376,9969788,10210185,10449837,10686279,10914222,11132829,11347652,11561683,11775221,11987838,12199693,12412046,12626507,12845521,13070609,13301184,13534593,13770012,14009061,14251835,14496797,14742766,14989585,15237728,15483883,15722989,15957994,16195902,16439585,16696944,17015672,17343740
Ecuador,ECU,GDP (current US$),NY.GDP.MKTP.CD,17881508242.4481,21810759353.7304,19929846396.4239,17152477036.5005,16912509091.855,17149088413.35,15314138472.3282,13945426859.4657,13051881851.4068,13890823704.5545,15239272611.5809,16988535267.6338,18094238119.0595,18938717358.6793,22708673336.6683,24432884442.2211,25226393196.5983,28162053026.5133,27981896948.4742,19645272636.3182,18327764882.4412,24468324000,28548945000,32432858000,36591661000,41507085000,46802044000,51007777000,61762635000,62519686000,69555367000,79276664000,87924544000,95129659000,101726331000,99290381000,99937696000,104295862000,107562008000,108108009000
Ecuador,ECU,"Inflation, GDP deflator: linked series (annual %)",NY.GDP.DEFL.KD.ZG.AD,..,..,..,..,..,..,..,..,..,..,5.81362920255557,6.88932038287776,4.30322942836226,2.64177088971913,15.0087193477126,5.22255322839003,1.49015481451174,7.00617304202626,-3.7826792354184,-26.2999928320854,-7.71406676367923,28.4142784567463,12.0852744211313,10.5930870401158,4.26184570076396,7.73271101107305,8.00091082171883,6.65050227293493,13.8473188994265,0.655537559193846,7.46507996966288,5.66265674725217,4.98525306124122,3.09504901286289,3.03070306911397,-2.49102075763332,1.90164677546638,1.94639824444045,1.81887357109554,0.495450027557041
Ecuador,ECU,Total debt service (% of GNI),DT.TDS.DECT.GN.ZS,5.88554476269587,6.67421830527619,11.369937120595,4.9362651253859,7.13618447553603,6.87746616919931,8.13073148107648,6.55858812702971,9.02595960859894,8.27350081443325,7.7813897847364,7.01121289937156,5.73614214453214,5.08262601931585,4.58250522722893,6.93138286384116,6.24182390495013,8.1129349561872,7.35946852835756,12.9024049578804,18.3628788869866,9.60682846182489,9.70008841932287,8.09336705164299,11.4961324646876,10.9297806427068,9.90575547404931,8.01038013915158,4.18461244451083,12.8949900738894,2.54615652780295,3.07975356780384,3.04869085723118,3.35677563195129,4.01551806852375,5.22933742484982,5.48959343605699,6.49670848731904,8.74208757636482,8.94627948555948
Ecuador,ECU,Adjusted net national income per capita (current US$),NY.ADJ.NNTY.PC.CD,1763.4207860464,2162.91497088046,1923.97342694422,1530.09316378257,1448.11408439638,1442.7683777629,1304.60354708004,1142.33700947925,984.08426967286,988.232812619066,1051.9648947395,1252.75987467149,1335.30487481554,1367.18318122645,1610.14179797022,1677.52312591673,1666.66756089576,1886.73525636128,1883.8802783255,1193.35716068425,1010.21871591867,1472.12467239636,1726.48743697374,1897.58913434368,2007.80798064783,2139.96157292628,2324.46541266959,2521.3217440917,3018.6272644986,3322.58562766258,3504.42192698995,3793.52209209551,4220.13403730333,4592.0171157307,4832.45480572317,4875.50736062232,4803.89759804608,4840.35174792924,4678.03358108069,4621.76608049783
Ecuador,ECU,"Official exchange rate (LCU per US$, period average)",PA.NUS.FCRF,24.999999999,24.999999999,30.0258333323333,44.1150083323333,62.53589999925,69.5562499990833,122.779241666667,170.461666666667,301.610833333333,526.348333333333,767.750833333333,1046.24933333333,1533.96166666667,1919.105,2196.72833333333,2564.49416666667,3189.47416666667,3998.26666666667,5446.5729,11786.8016666667,1,1,1,1,1,1,1,1,1,1,1,1,1,1,1,1,1,1,1,1
Colombia,COL,"Population, total",SP.POP.TOTL,26176195,26785982,27405194,28042329,28689032,29326260,29960101,30603048,31256727,31923117,32601393,33272628,33939039,34614735,35295461,35970101,36632573,37291946,37944414,38585033,39215135,39837875,40454050,41057687,41648268,42220940,42772910,43306582,43815313,44313917,44816108,45308899,45782417,46237930,46677947,47119728,47625955,48351671,49276961,50187406
Colombia,COL,GDP (current US$),NY.GDP.MKTP.CD,33400735644.0481,36388366869.0309,38968039721.748,38729822781.5997,38253120737.9671,34894419443.4881,34942489683.9712,36373307085.0887,39212550050.4223,39540080200.3938,47844090709.9908,49637993948.8402,58394443377.5416,66474101301.1759,81705497616.5703,92495970511.3951,97153389010.9466,106656492293.614,98486358581.1639,86278947636.962,99875074951.0278,98200641203.3892,97945812802.8882,94644969157.0987,117092416666.245,145600529626.71,161792958886.81,206229540893.231,242504150472.931,232468663073.684,286498534094.963,334966134865.3,370691143086.755,382093697077.685,381240864422.407,293492370228.844,282720100286.228,311866875135.578,334198218100.719,323031701210.765
Colombia,COL,"Inflation, GDP deflator: linked series (annual %)",NY.GDP.DEFL.KD.ZG.AD,..,..,..,..,..,..,..,..,..,..,52.3361031682038,27.0057740412053,22.6643849525912,24.8415782780257,22.0963782592104,18.8509572575761,16.8683787889766,16.8398529341085,14.7730454103545,12.6229408327015,11.1532740353966,6.51844829184243,5.96819057183866,6.82901484222947,7.28303340681478,4.75319610754772,5.80766087330477,5.20203381220676,7.67738291518241,4.06422546745482,3.80486029146383,6.38680337285258,3.61665506268449,1.90767643221162,2.2356323764315,2.44932842052003,5.14833430514602,5.13373589963344,4.63057967327826,4.0026205429363
Colombia,COL,Total debt service (% of GNI),DT.TDS.DECT.GN.ZS,2.93330601689376,3.18888806457221,3.98715001951107,4.32529867779416,4.49080516043403,5.98352261953484,6.78946122861134,8.19406513203438,8.90264983433566,10.566023089547,8.54391255824375,7.94879286266631,7.14694850300902,5.76946587820946,6.94880833906747,4.8067458929931,5.70712198683067,4.351250409496,4.69610165827284,7.8185129841538,5.2665422843199,6.61693124023246,7.18635000012191,9.44004609470031,6.81910449148135,7.23512615001427,6.32919950468966,4.30112339178535,3.40378737112275,3.91408076629496,3.53650380674624,3.19650888848901,4.31418173034729,2.7314683982407,4.07997465125186,4.91488311080506,5.66146830980247,7.29874804926067,7.498693075325,6.08500770774033
Colombia,COL,Adjusted net national income per capita (current US$),NY.ADJ.NNTY.PC.CD,1116.0849600465,1182.59587674281,1228.69446693864,1167.9514964748,1112.38837082463,979.180529595809,968.462662919514,958.976605081219,1037.18135315189,986.041750678128,1171.83354147913,1219.5420343461,1443.7795017426,1638.97230118431,2003.21854253699,2205.06145102837,2233.95385445749,2412.60929900572,2202.37291349534,1833.48296999586,2057.27324442649,2029.43890888866,1986.54019364904,1865.20857234798,2257.00883127388,2791.18469467951,3032.79285425752,3847.32984402978,4371.34261249125,4276.88769963942,5117.45537953874,5695.13693780884,6324.50192122052,6536.18476048262,6572.18115974916,5244.14510102898,5050.78901864685,5421.7589260531,5601.73536394541,5361.51652719441
Colombia,COL,"Official exchange rate (LCU per US$, period average)",PA.NUS.FCRF,47.2783333333333,54.4891666666667,64.0858333333333,78.8575,100.8175,142.311666666667,194.260833333333,242.606666666667,299.173333333333,382.566666666667,502.26,627.1525,680.385833333333,786.346666666667,826.54,912.895,1036.6225,1141.11666666667,1426.42416666667,1756.68583333333,2087.91833333333,2299.89333333333,2504.68083333333,2877.54333333333,2628.36833333333,2321.13166666667,2358.59460526316,2077.81095833333,1965.1375,2157.59833333333,1898.9975,1848.01666666667,1798.01166666667,1868.895,2001.105,2741.78166666667,3055.255,2951.48691120161,2955.70396997842,3281.62219381788
Mexico,MEX,"Population, total",SP.POP.TOTL,67705186,69233769,70656783,72080310,73489654,74872006,76224365,77553504,78892015,80233749,81720428,83351595,84993164,86648447,88314424,89969572,91586555,93183094,94767284,96334810,97873442,99394288,100917081,102429341,103945813,105442402,106886790,108302973,109684489,111049428,112532401,114150481,115755909,117290686,118755887,120149897,121519221,122839258,124013861,125085311
Mexico,MEX,GDP (current US$),NY.GDP.MKTP.CD,205577055465.993,263797827860.494,184602611609.517,156167000432.994,184230754105.394,195241069482.077,134556034672.991,147542558208.888,181611150496.787,221403098266.77,261253675692.838,313139656145.745,363157832923.734,530160763983.506,553618247900.74,380157469866.849,432157945024.428,523449530464.257,557461102630.658,631249359702.389,742061329643.37,796064590656.176,810666116505.478,765549967888.647,819459227375.022,917571853345.583,1020265057698.51,1102355554788.94,1161553459894.8,943437415098.633,1105424238889.37,1229013703255.77,1255110424741.85,1327436290360.97,1364507717463.67,1213294467527.59,1112233497399.12,1190721475958.84,1256300182983.65,1305212479961.59
Mexico,MEX,"Inflation, GDP deflator: linked series (annual %)",NY.GDP.DEFL.KD.ZG.AD,..,..,..,..,..,..,..,..,..,..,28.105912393932,23.7132575125834,14.8138855781018,9.49397468566895,8.36062722142472,38.8092293997712,26.6967739975906,17.733691153468,15.7160554430069,15.3190813355821,10.6979645310047,6.47300917877192,5.5023241130699,4.27966725347318,8.11744312202667,5.8849827349563,6.10715435556119,6.12779215120692,6.31038165916277,5.24348242663082,4.37296442827116,5.66963362393503,4.54221495501793,1.70388279390848,4.36836889546018,3.22542892220264,6.07758783903645,6.56759494838649,5.20449996518977,4.28758053550031
Mexico,MEX,Total debt service (% of GNI),DT.TDS.DECT.GN.ZS,5.5154953066035,5.66362608796946,9.11481855756958,10.0977610748955,9.75077006557401,8.22317645441055,10.2063079448469,8.60423254955856,8.88717944946863,7.31412249181993,4.48719415303902,4.45511312709201,5.8747400947117,4.65812941842224,3.72667919368288,7.14862688850772,9.69165962441417,8.22755769270984,5.40069006082519,5.75028759126384,8.14843790704868,6.0959808708182,4.74677374927241,4.27442722344276,4.88501956132958,4.03359943483377,5.43568176304786,3.50638561656816,3.54199491195208,3.53776457065155,2.90384320498588,3.42170742102943,5.66325458128016,3.05045334054898,3.52067192772964,4.42726109286764,7.24905436320342,5.64306976367766,4.79410791464355,5.45337329982002
Mexico,MEX,Adjusted net national income per capita (current US$),NY.ADJ.NNTY.PC.CD,2444.90159085308,3087.369630682,1991.62323777356,1552.1286590695,1810.90558375073,1933.78695038159,1273.88133985586,1373.5517508089,1746.52923012542,2138.98145209889,2514.72331575997,3081.46077531946,3519.83279987935,4866.38179489886,5032.51337636331,3157.57073908548,3564.94343104638,4413.19984544613,4602.11150929558,5168.13188350777,5961.28193482817,6320.77602844953,6325.49150829769,5763.58557353589,6062.29607856631,6566.570894356,7220.33191055775,7701.67780848933,7917.97854764146,6354.7329092363,7437.90350946406,7971.21475436343,7974.71190618185,8347.45246470131,8664.84578600377,7746.14742826236,7000.85356550077,7406.88558415976,7652.46992123631,7909.23316728281
Mexico,MEX,"Official exchange rate (LCU per US$, period average)",PA.NUS.FCRF,0.0229510083323333,0.0245145999990833,0.05640169999925,0.1200935833325,0.167827583332667,0.256871583333167,0.611772583333,1.3781825,2.273105,2.4614725,2.81259916666667,3.01843,3.09489833333333,3.11561666666667,3.37511666666667,6.419425,7.59944841666667,7.91846,9.13604175,9.5603975,9.45555833333333,9.34234166666667,9.65595833333333,10.7890191666667,11.2859666666667,10.8978916666667,10.8992416666667,10.9281916666667,11.1297166666667,13.513475,12.6360083333333,12.423325,13.1694583333333,12.7719916666667,13.29245,15.8482666666667,18.6640583333333,18.9265166666667,19.2443416666667,19.2636333333333
Turkiye,TUR,"Population, total",SP.POP.TOTL,44089069,44981877,45949991,47026425,48106764,49175673,50223885,51250152,52275890,53305234,54324142,55321172,56302037,57296008,58310245,59305490,60293786,61277426,62242204,63185615,64113547,65072018,65988663,66867327,67785075,68704715,69601333,70158112,71051678,72039206,73142150,74223629,75175827,76147624,77181884,78218479,79277962,80312698,81407204,82579440
Turkiye,TUR,GDP (current US$),NY.GDP.MKTP.CD,68823684210.5263,71180180180.1802,64369325153.3742,61803555555.5556,59937602179.8365,67232758620.6897,75673037037.037,87190081680.28,90875175808.7201,107127191328.935,150655500191.644,151034731543.624,159104772991.851,180415757851.616,130650447499.071,169319579016.25,181464408820.097,189878399894.643,275941990764.18,256395932738.435,274294623164.043,201753123806.695,240249071871.106,314595572145.767,408865430220.331,506314717661.655,557076157773.479,681321124295.914,770449132861.373,649289324627.732,776967266305.53,838785289694.35,880555885492.269,957799120008.32,938934609296.966,864313810469.009,869682881593.041,858988492853.742,778972199727.859,761005946788.221
Turkiye,TUR,"Inflation, GDP deflator: linked series (annual %)",NY.GDP.DEFL.KD.ZG.AD,..,..,..,..,..,..,..,..,..,..,58.2443981066746,59.1641068909336,65.1994382769795,68.3794283559812,104.749137215122,86.007542441817,77.223512216706,81.4548625820616,75.6793594360352,54.2799583040521,49.3607762430324,52.9797606802043,37.5748208317121,23.2892809893822,12.427511075424,7.08541612916396,9.37620636352707,6.1997582025374,12.046153593928,5.44644910319889,7.00928360259741,8.20084709330651,7.42267328660553,6.2801096970818,7.38951863770303,7.84491693010263,8.13047807814451,10.9824216683285,16.5122794615027,13.8677352522894
Turkiye,TUR,Total debt service (% of GNI),DT.TDS.DECT.GN.ZS,2.37390155621726,3.43986167549341,4.72036198352668,5.20177555228689,5.51631494545154,7.00580157882231,6.06090635145376,7.0280032231765,8.51796050075579,6.76719436878159,5.00957693159629,5.58628142892379,5.80664064872552,4.8418353271712,8.05270003613205,6.89342840714141,6.11174204914025,6.37517441586528,5.47482614634662,7.35876181182106,7.65477465485429,11.3526593247707,11.8122026591403,9.15811764497656,8.10715883242,8.27899438775794,7.49522127028568,7.35538335976645,7.35166320974995,9.83724494002364,7.7790824480118,7.04638555721834,6.59914449739169,6.78729788111234,6.30756658932915,6.53074265548429,8.79793372735668,10.2183504730192,10.854091054032,11.4660534625069
Turkiye,TUR,Adjusted net national income per capita (current US$),NY.ADJ.NNTY.PC.CD,1297.81719171946,1308.34281051274,1160.80192617683,1082.05958234471,1027.46889507642,1129.28961208644,1245.60031459788,1379.87730074559,1394.86044859924,1643.34378812737,2300.13762054278,2239.73182042436,2330.59635773466,2621.95355455982,1817.56663790097,2351.05548154653,2489.17031351785,2572.15228115048,3699.73759753646,3343.65378635044,3533.74292952355,2471.54617237425,2911.222377877,3818.68928104905,4956.2476730159,6114.86770796453,6657.90058855825,8093.66040175514,9024.59580737861,7429.9722239224,8905.31661201184,9534.73734440973,9895.72876831683,10665.1872018902,10269.2934082314,9294.2728117552,9193.57420566561,8921.21121974112,8063.60119778653,7621.52312657109
Turkiye,TUR,"Official exchange rate (LCU per US$, period average)",PA.NUS.FCRF,7.60380833328333E-05,0.000111218583332667,0.000162553416665667,0.00022545708333225,0.000366677833333167,0.000521983083333167,0.00067451175000025,0.000857214166666667,0.00142234583333333,0.00212167916666667,0.00260864166666667,0.00417181583333333,0.00687242333333333,0.0109846283333333,0.0296086758333333,0.0458450608333333,0.0814048916666667,0.151865,0.26072425,0.418782916666667,0.6252185,1.22558808333333,1.50722641666667,1.50088520858333,1.42553725,1.34358310833333,1.42845341333845,1.30293090533794,1.30152170281795,1.54995977566564,1.5028486296723,1.67495455197133,1.79600094441355,1.90376824244752,2.18854241775473,2.72000852790579,3.02013474808043,3.64813263536866,4.82837014720942,5.67381930843574
Gabon,GAB,"Population, total",SP.POP.TOTL,749078,768904,789585,811098,833417,856482,880340,905016,930464,956509,983028,1009995,1037446,1065390,1093611,1121964,1150601,1179806,1209832,1240764,1272935,1306590,1341696,1378398,1417110,1458353,1502534,1549774,1599978,1653542,1711105,1772500,1836705,1902226,1966855,2028517,2086206,2140215,2192012,2242785
Gabon,GAB,GDP (current US$),NY.GDP.MKTP.CD,4279637942.25144,3862269120.53497,3618007841.13503,3391275731.53751,3561451560.50783,3339914757.22872,3403638189.20049,3281797043.04996,3834503376.02992,4186411463.85975,5952293764.84777,5402919784.57004,5592390827.39854,4378645081.01769,4190819344.22255,4958845648.04778,5694040002.89863,5326817114.53586,4483417309.83011,4662992036.2073,5080483628.53013,5023265413.2623,5335451099.88223,6511903365.47554,7770219008.21293,9582783990.85345,10327598306.4575,12455409587.3371,15571348344.3379,12113699068.2517,14372593020.2885,18210307743.5816,17170464016.0593,17595744798.3398,18203966895.8433,14383107762.6952,14023890265.3665,14929487485.1623,16867326401.9626,16874405465.391
Gabon,GAB,"Inflation, GDP deflator: linked series (annual %)",NY.GDP.DEFL.KD.ZG.AD,..,..,..,..,..,..,..,..,..,..,15.3581413902885,-11.3661025319168,0.213866958889213,-0.509480779167674,46.5514429443013,1.33911548793357,13.5626767433953,0.946536838356195,-17.7864014784402,19.191335888387,28.0893435970034,-6.25259344131398,0.855807814236272,-0.217120395730603,7.7652785346058,20.0944728946612,9.86813727770777,4.23136164247251,20.4789590409741,-18.0745351045978,16.5643202141089,12.68122777311,-2.9419027036061,-6.15792493444491,-0.851390333321461,-8.92717245327955,-4.26975397974572,3.82030214446843,7.17665749439934,1.54748519798422
Gabon,GAB,Total debt service (% of GNI),DT.TDS.DECT.GN.ZS,11.2032007941952,9.67513458082628,9.26557526985858,7.84084698861192,8.43302638540149,7.95166400181015,6.41180588468445,3.19907026460623,3.75146276969804,3.6915147588993,3.29571973698193,6.37546278912403,8.89893642337021,4.18697393385657,7.23925559101763,10.625098544808,7.77916106180809,9.38586203150237,7.73596830975507,13.1414101505285,8.19593165567317,10.3793163832265,8.37619347301084,6.4668191906891,3.62741859559148,2.29386336247766,1.98464561714645,8.21111295972813,19.7730079623198,3.95003064583796,3.62778307498403,2.66743927735312,2.74917888120345,7.30263550285899,3.02439602863008,3.56895041750952,2.87286835730983,4.46134000649959,4.58488614663357,4.50651804043003
Gabon,GAB,Adjusted net national income per capita (current US$),NY.ADJ.NNTY.PC.CD,2775.68618494908,3233.27958994899,3316.01994725895,2736.83810459383,2676.47971450359,2353.58963937333,2409.3368908941,2069.37948374976,2791.20993588801,2431.95230589724,2654.45628124488,2855.07453762067,2543.10488304547,1597.30668735465,1763.52807790992,1872.27127425481,2246.51712743989,1982.2429075691,2034.64922955506,1940.5854450449,1354.88777111673,1838.51648899793,2053.65962570314,2536.63188999417,2693.43039820968,3109.21044858816,3107.13646675426,3446.76023823239,4041.81272215919,3836.75681534403,3740.27230014094,4320.65169107977,4147.47347981652,4678.74415198879,5609.23315397647,4605.24550052342,4420.12080157802,4388.43489763081,4688.69041526921,4527.3561226921
Gabon,GAB,"Official exchange rate (LCU per US$, period average)",PA.NUS.FCRF,211.279555414705,271.731452550327,328.60625269899,381.066036024628,436.956665788008,449.262962711607,346.305903554493,300.536562401478,297.848218819378,319.008299487903,272.264787954393,282.10690880882,264.691800750579,283.162579500018,555.204695655697,499.14842590131,511.552430272516,583.669372353396,589.951774567332,615.473349319164,710.207977031367,732.397693260228,693.713226496374,579.897426172466,527.338032291576,527.258362649626,522.425624895176,478.633718476363,446.000041432788,470.293423341398,494.794262222947,471.248625718937,510.556338454251,493.899623852237,493.757329875312,591.21169798261,592.605615063022,580.656749587858,555.446458398226,585.911013180369
El Salvador,SLV,"Population, total",SP.POP.TOTL,4508992,4549173,4599904,4689680,4782219,4876757,4970788,5067200,5170440,5270825,5367179,5461070,5552206,5630987,5693038,5748195,5797140,5842638,5885083,5923852,5958482,5988095,6011275,6026849,6035655,6037817,6034436,6044131,6068099,6091188,6114034,6137349,6161289,6185642,6209526,6231066,6250510,6266654,6276342,6280217
El Salvador,SLV,GDP (current US$),NY.GDP.MKTP.CD,3573959900,3437200200,3399189100,3506347800,3661683400,3800368600,3771663200,3958045800,4189880000,4372215300,4817542204,5252342400,5813399300,6680269200,7679384000,8921947100,9586327800,10221705900,10936669900,11284197000,11784927700,12282533600,12664190300,13243892200,13724810900,14698000000,15999890000,17011750000,17986890000,17601620000,18447920000,20283780000,21386150000,21990960000,22593470000,23438240000,24191430000,24979190000,26020850000,26881140000
El Salvador,SLV,"Inflation, GDP deflator: linked series (annual %)",NY.GDP.DEFL.KD.ZG.AD,..,..,..,..,..,..,..,..,..,..,45.0852375770765,7.42039831139694,3.41992302194576,8.59328373641921,9.80412818425471,10.9290340708784,6.58171861061977,3.38380837413172,4.23009518302409,0.994105168134183,3.27263167049688,3.31363165513974,1.51063301186223,2.96567141336874,2.71767338213316,4.29476326031077,4.33269226745863,4.39535754973457,3.50229924939708,-0.0338956876110927,2.59792087218347,5.95334324953707,2.4755495316456,0.631311835148225,0.993230900333586,1.307617777231,0.657746207396585,0.948955022202512,1.70790865601604,0.92075678458454
El Salvador,SLV,Total debt service (% of GNI),DT.TDS.DECT.GN.ZS,2.89979071732501,2.94460562779542,4.10195257926829,6.15961461513133,6.96080826545514,7.28228765578924,8.05322659278732,7.00808649733268,5.15846209380444,4.10561544551098,4.63125114029283,4.98712112974463,4.26029522888431,4.62848566520424,4.6076530224383,3.28339238707169,3.37536277023866,2.82185095950443,4.23379450376004,3.11007209171124,3.27427829848689,3.21576171945994,4.09975947569581,5.59052144219294,6.85447144567977,6.17359398354413,8.13931162734211,6.75224938902479,5.73471230219163,6.91776635915908,6.21574991108175,6.69503816472876,5.77825845174328,5.48414496427748,6.01623163248219,5.85218276464342,6.12494778263721,16.1664764125491,14.44647330714,22.0195386068307
El Salvador,SLV,Adjusted net national income per capita (current US$),NY.ADJ.NNTY.PC.CD,731.822254510256,693.65611965264,665.34103181769,683.564337373384,703.517920161528,721.975612635754,703.79184638941,725.227698641431,753.356905281697,771.882989966235,823.981444622911,882.188898951231,971.90821257469,1110.3554027586,1267.37736128627,1459.94857986746,1551.92779329494,1632.31405428404,1733.91408024662,1750.82744777054,1820.32835751376,1875.47158582633,1915.49805745641,1978.77977605334,2032.68976829295,2178.99186111447,2369.93684342581,2504.0997441193,2625.70448630133,2522.43838930667,2646.67782274323,2931.95467368242,3010.03417479333,3028.66630484378,3088.36693698482,3181.57824187685,3240.60449508984,3301.29448742661,3395.90889620162,3535.0636037592
El Salvador,SLV,"Official exchange rate (LCU per US$, period average)",PA.NUS.FCRF,2.5,2.5,2.5,2.5,2.5,2.5,4.85215,5,5,5,6.84833333333333,8.01666666666667,8.36083333333333,8.70250833333333,8.72875,8.75458333333333,8.755,8.75625,8.755,8.755,8.755,1,1,1,1,1,1,1,1,1,1,1,1,1,1,1,1,1,1,1
Algeria,DZA,"Population, total",SP.POP.TOTL,18739378,19351357,20000096,20682111,21393530,22132905,22882553,23586101,24243018,24889507,25518074,26133905,26748303,27354327,27937006,28478022,28984634,29476031,29924668,30346083,30774621,31200985,31624696,32055883,32510186,32956690,33435080,33983827,34569592,35196037,35856344,36543541,37260563,38000626,38760168,39543154,40339329,41136546,41927007,42705368
Algeria,DZA,GDP (current US$),NY.GDP.MKTP.CD,42345829079.2062,44348590460.9288,45207167470.3497,48801369800.3675,53698548293.0745,57937868670.1937,63692007897.3834,66745818375.493,59089396860.4342,55634721572.7343,62048507531.3357,45715676428.2766,48003133346.9957,49945584452.6506,42543176828.9237,41764291671.7711,46941554225.3581,48177612042.1507,48187781984.4881,48640671734.9711,54790398570.3282,54744697926.068,56760355865.0082,67863850333.9526,85332581188.6107,103198212442.69,117027280155.386,134977082623.78,171000699876.747,137211003661.699,161207307027.185,200013098817.25,209059080929.499,209755003250.664,213809979836.314,165979224866.131,160034212126.018,170096988531.906,174910684781.571,171760275466.61
Algeria,DZA,"Inflation, GDP deflator: linked series (annual %)",NY.GDP.DEFL.KD.ZG.AD,..,..,..,..,..,..,..,..,..,..,30.25959853752,53.7886041738401,21.926114524189,13.6244246597669,29.0776473232106,28.5770375312606,24.0219040668914,7.00196304772447,-3.13108869748854,10.8563363103791,22.6780091895372,-0.4734019596428,1.32042785299753,8.33073363570027,12.247631940321,16.125350420483,10.5467042774759,6.39533725399677,15.310581007462,-11.1616154467511,16.1199808967232,18.2280122538782,7.45833652076851,-0.0933043780076446,-0.300580433039272,-6.45565041377628,1.54888054708621,6.39065471422123,6.75721524154756,-0.472073341295342
Algeria,DZA,Total debt service (% of GNI),DT.TDS.DECT.GN.ZS,10.0898363302155,10.1937772640763,10.5591978327366,10.0471344810464,9.83677859900586,8.87043487758636,8.33240258303502,8.41301567234129,11.5754268157623,13.0763992916491,14.7345963564589,21.2464892146519,20.3574597722112,18.8725342977374,12.5381800895411,10.7403951718414,9.4946516963908,9.61325242496573,11.1091628076938,11.2243071691886,8.59095955210506,8.23753859211625,7.64364225074006,6.59340404203451,7.02735799063952,6.10253744185755,11.9329105278787,1.02778124830019,0.734246148091245,0.77712141498294,0.420618176246908,0.32310246892925,0.41444635748679,0.261190062841472,0.143392590919993,0.427511633389503,0.225055046096671,0.143015283496217,0.127365163733373,0.116200342692844
Algeria,DZA,Adjusted net national income per capita (current US$),NY.ADJ.NNTY.PC.CD,1484.24722682212,1612.92088167265,1697.17982760029,1790.82286679445,1941.93758936604,2032.35646094273,2295.9173297939,2277.07084712082,1953.93346815751,1791.81580520485,1896.70290854517,1355.55173630868,1440.15775520408,1450.03126014186,1194.72574220618,1125.29272876598,1205.71655929471,1254.4264786854,1289.68235106175,1224.2143092352,1298.79502399791,1345.10494074522,1351.86824046614,1571.72449584356,1889.06142567687,2099.77208942239,2357.44205449525,2820.39862423867,3539.04966895455,2985.06870324636,3483.23604592613,4120.89018660709,4325.00902997126,4255.88650134671,4214.84523627078,3359.11763726229,3297.7433062191,3339.93493124919,3216.43485461218,3140.90717898635
Algeria,DZA,"Official exchange rate (LCU per US$, period average)",PA.NUS.FCRF,3.837449999,4.31580833233333,4.59219166566667,4.788799999,4.98337499958333,5.0278,4.70231666666667,4.84974166666667,5.91476666666667,7.60855833333333,8.95750833333333,18.472875,21.836075,23.3454066666667,35.0585008333333,47.6627266666667,54.7489333333333,57.70735,58.7389583333333,66.573875,75.2597916666667,77.2150208333333,79.6819,77.394975,72.06065,73.2763083333333,72.6466166666667,69.2924,64.5828,72.6474166666667,74.3859833333333,72.9378833333333,77.5359666666667,79.3684,80.5790166666667,100.691433333333,109.443066666667,110.973016666667,116.593791666667,119.353558333333
"Egypt, Arab Rep.",EGY,"Population, total",SP.POP.TOTL,43748556,44899573,46088647,47353665,48676443,50035843,51424313,52841319,54298446,55765843,57214630,58611032,59989142,61382200,62775847,64166908,65565195,66993728,68446011,69907887,71371371,72854261,74393759,75963322,77522427,79075310,80629670,82218755,83844783,85501064,87252413,89200054,91240376,93377890,95592324,97723799,99784030,101789386,103740765,105618671
"Egypt, Arab Rep.",EGY,GDP (current US$),NY.GDP.MKTP.CD,21669908176.3889,22136081081.0811,27655172413.7931,30966239813.7369,33971188991.6147,39053502251.0732,41253507951.3564,40455616653.5742,34980124929.0176,39756299049.9793,42978914311.3504,37387836490.5284,41855986519.4235,46578631452.581,51897983392.6453,60159245060.4541,67629716981.1321,78436578171.0914,84828807556.0803,90710704806.8416,99838543960.0763,96684636118.5984,85146067415.7303,80288461538.4615,78782467532.4675,89600665557.4043,107426086956.522,130437828371.278,162818181818.182,189147005444.646,218983666061.706,235989672977.625,279116666666.667,288434108527.132,305595408895.265,329366576819.407,332441717791.411,248362771739.13,262588632526.73,318678815489.749
"Egypt, Arab Rep.",EGY,"Inflation, GDP deflator: linked series (annual %)",NY.GDP.DEFL.KD.ZG.AD,..,..,..,..,..,..,..,..,..,..,17.7430513642448,16.1252711769934,18.3507806800844,8.42910538936863,8.44887156286191,11.3997414980845,7.10766744779387,9.87627742917489,2.37768148900209,0.919435420030595,3.94440699222267,1.86769984364277,3.16557906728183,6.77749360613839,11.6699083405668,6.21272950618375,7.35997773059287,12.5957398238768,12.2039844630996,11.1855422672375,10.1068646295721,11.6629763507332,19.4828774694148,8.71267457488472,11.2476245037869,9.93088973035982,6.24566313377426,29.5184798346035,21.1748208164536,13.6180959109963
"Egypt, Arab Rep.",EGY,Total debt service (% of GNI),DT.TDS.DECT.GN.ZS,6.11170324311314,7.57848157288462,6.62593707096327,7.14780693287525,7.58880384837918,7.86929511669375,7.22052033432179,4.16008661285223,7.15606052774997,7.46530129570419,7.33999333663449,6.94175162397531,6.37031115293809,4.70662516056192,4.27100508754138,3.93621025501156,3.42066449080303,2.67592464786833,2.21352331422189,2.33643827829843,1.8359485538835,2.03476543742155,2.43999230150158,3.34846927547046,2.76680362326933,2.55947098673624,2.3039496255124,2.19842607151963,2.00555861546957,1.56829125048314,1.428047388747,1.62885752585063,1.18942104336922,1.22268879222216,2.01216407856486,1.16864264566752,2.02315058781381,2.75069736280585,3.34517962596805,2.94081739032531
"Egypt, Arab Rep.",EGY,Adjusted net national income per capita (current US$),NY.ADJ.NNTY.PC.CD,313.740768705619,328.451269987786,432.870648053107,478.46377155352,506.208080479847,556.391136452219,633.677474180734,638.521405647478,541.537098774978,577.993130305237,576.534031192679,536.977391059791,588.956559325133,648.840211361253,720.07833577268,818.70234686671,895.207105109981,1042.28863876351,1135.1621781877,1156.25096180395,1241.84437717979,1214.76531279952,1026.35690172693,930.17282377801,873.219895746869,948.854566654779,1122.87927159185,1354.24835266229,1619.83545012419,1927.79264882786,2135.95330613984,2193.85673405987,2604.91163228042,2637.79041608967,2758.81096775408,3040.47338220385,3012.26540951638,2037.31980021001,2082.05790035874,2476.5113689191
"Egypt, Arab Rep.",EGY,"Official exchange rate (LCU per US$, period average)",PA.NUS.FCRF,0.700000700490701,0.700000700490701,0.700000700490701,0.700000700490701,0.700000700204867,0.7000007000007,0.7000007000007,0.7000007000007,0.7000007000007,0.866666666666667,1.55,3.13800833333333,3.32174833333333,3.3525175,3.38513333333333,3.39220833333333,3.39148333333333,3.38875,3.388,3.39525,3.47205,3.973,4.49966666666667,5.850875,6.19624166666667,5.77883333333333,5.73316666666667,5.63543333333333,5.4325,5.54455330862978,5.62194291761051,5.93282765151515,6.05605833333333,6.870325,7.07760856060606,7.69125833333333,10.0254007885465,17.7825335150636,17.7672904218107,16.7705818428763
Ghana,GHA,"Population, total",SP.POP.TOTL,11865246,12212960,12584976,12984131,13342487,13651443,13971682,14310790,14671677,15052447,15446982,15843471,16241548,16643633,17040854,17438874,17844010,18268040,18714708,19176791,19665502,20195577,20758326,21329514,21906444,22496951,23098586,23708320,24326087,24950762,25574719,26205941,26858762,27525597,28196358,28870939,29554303,30222262,30870641,31522290
Ghana,GHA,GDP (current US$),NY.GDP.MKTP.CD,4445228215.76763,4222441860.46512,4035994397.7591,4057275132.27513,4412279843.44423,4504306722.68908,5735677433.82683,5074829931.97279,5197765031.64557,5251858439.874,5889106573.46088,6603185267.79643,6416103925.83267,5968922939.37198,5446383726.77047,6464382807.67884,6932991739.37767,6891443192.24985,7482069162.42008,7718109982.26093,4982850662.20851,5314872854.4405,6166197847.85031,7632723555.66221,8881417906.71432,10744568381.4456,20885037596.6963,24827339138.4906,28679383241.0729,26048720005.5233,32197655566.5347,39336668080.559,41271701060.954,62824629066.0408,54783320576.8882,49406009811.9819,56164928691.0359,60405920071.5652,67298913752.0241,68337974418.3315
Ghana,GHA,"Inflation, GDP deflator: linked series (annual %)",NY.GDP.DEFL.KD.ZG.AD,..,..,..,..,..,..,..,..,..,..,31.1665867346186,20.041359240014,11.150082868787,31.7572123690249,30.1289269685464,43.0453305777804,39.8377428094835,19.4581675889703,17.0484652451336,13.971165047912,27.230113843564,34.8179440663303,22.8185847230637,28.7044072059077,14.3501511250415,14.963718404163,12.7886611413214,16.1042405872748,19.4102710868683,15.6665686221496,16.5956447322347,13.9148221759821,15.2052787396605,15.5810772645484,23.9399604777074,13.252964555207,15.7486196104808,10.6773105806362,10.5684799260556,8.48107298102975
Ghana,GHA,Total debt service (% of GNI),DT.TDS.DECT.GN.ZS,3.59327477683618,2.81611783663886,2.75853650589381,3.61178389473569,3.04433777535637,3.60221930626849,4.06362581302983,8.40661107434987,10.7697536870432,8.84069310612903,6.3711174251588,4.65073915653122,5.05631995621259,5.2623862989427,6.9144033616189,6.41048582295311,7.10739301169121,8.27265402057084,7.94400356050411,6.96510116446105,9.66938154278763,5.99769222276817,3.67908559629161,6.72483660330599,3.19298076303827,3.20857369595971,1.42300316554752,0.951659417334977,0.809822455775523,0.997844424926929,1.01274382910952,0.925560422304803,2.005382041292,1.08906480025999,4.61857542898523,2.21139781698904,7.83226264724777,10.2104954137153,5.64047535259594,14.4384352064747
Ghana,GHA,Adjusted net national income per capita (current US$),NY.ADJ.NNTY.PC.CD,319.322961129209,301.077899108291,276.976260794587,270.149429574521,282.485505020893,280.19508216749,345.808048954981,296.004434656324,295.858138313974,292.697793792173,315.873951890892,348.484171815935,326.637973494431,287.923371809158,244.582050577133,283.351981367584,295.314204969206,290.272757144173,308.748656042387,327.086189477995,190.349711649583,202.331149273894,226.120554000891,262.88326937284,310.828728493998,376.213715201146,739.308047897373,866.15387674057,977.878776516079,855.424571106037,1023.86125280583,1143.8766987061,1151.2858763115,1839.7889570629,1489.14389057298,1350.69529293893,1517.51005322219,1556.15388319757,1728.16591010307,1728.3921910505
Ghana,GHA,"Official exchange rate (LCU per US$, period average)",PA.NUS.FCRF,0.000274852150537634,0.000274852150537634,0.000274852150537634,0.000882522770144633,0.00359668442513757,0.00543357715053764,0.0089156207437276,0.0153650681003584,0.0202237045250896,0.0269854838709677,0.032615621953405,0.0367633074820789,0.0436851673835125,0.0648711875896057,0.0955682388545159,0.119913872960145,0.163547167575201,0.204796277898216,0.231165900582341,0.266642972407191,0.544919175868766,0.716305157808995,0.792417084313167,0.866764326525345,0.899494854007063,0.905209485833333,0.915106799166667,0.932619195,1.052275,1.40496666666667,1.42998333333333,1.520625,1.82486666666667,1.98135,2.896575,3.71464166666667,3.90981666666667,4.35053333333333,4.585325,5.21736666666667
Kenya,KEN,"Population, total",SP.POP.TOTL,16187124,16785962,17411491,18069461,18753176,19452161,20160879,20882094,21626122,22387803,23162269,23918235,24655723,25391830,26133744,26878347,27615736,28364264,29137373,29965129,30851606,31800343,32779823,33767122,34791836,35843010,36925253,38036793,39186895,40364444,41517895,42635144,43725806,44792368,45831863,46851488,47894670,48948137,49953304,50951450
Kenya,KEN,GDP (current US$),NY.GDP.MKTP.CD,7265315820.20777,6854491705.88377,6431579356.95926,5979198313.76093,6191437070.18411,6135034213.78998,7239126568.14092,7970820369.2949,8355380879.12955,8283114514.17081,8572359038.16958,8151488783.19064,8209120763.04955,5751786642.55871,7148148564.04239,9046320255.40507,12045865396.1323,13115764358.2846,14093998843.7334,12896010459.3711,12705350097.8044,12986007425.8781,13147736898.5176,14904517649.8476,16095337093.8366,18737895512.7378,25825512284.2891,31958195182.2406,35895153327.8497,42347217912.9176,45405615063.7551,46869473150.61,56396704671.5777,61671440407.8387,68285796514.2896,70120446896.8359,74815144163.8931,82036510877.2599,92202979985.2863,100378436207.371
Kenya,KEN,"Inflation, GDP deflator: linked series (annual %)",NY.GDP.DEFL.KD.ZG.AD,..,..,..,..,..,..,..,..,..,..,10.6371987367347,12.5319618961838,18.8972340828787,25.698483612532,17.0164147872542,11.2210708426678,9.11624415951211,11.4352163318294,6.93140266888905,4.19393904906435,6.07984848923864,1.57312029702597,0.93320555589554,6.19731323900996,7.12684155505391,4.89964972058961,7.78674057130955,8.12948559613378,15.1511749642626,11.6373037,1.63919964802533,10.0650129672316,9.52297221154848,7.3375622336044,7.63503190149002,9.23865468396285,5.84962894648808,7.58193402820181,4.21502841459056,4.2752342393575
Kenya,KEN,Total debt service (% of GNI),DT.TDS.DECT.GN.ZS,6.15403074884392,7.30450772013903,8.04337972406243,8.89656403027645,9.66483439536938,10.4832554093168,9.67693332213915,8.98973573983118,9.18414104663972,8.81758444029433,9.63702770348311,9.24876586040055,8.53304558719043,11.7209103655482,12.9872731351439,10.364589966493,7.0870480843467,5.07420104464255,4.74557514024934,5.45947893061451,4.71450208236973,3.78120072604703,4.08107256690456,3.94362831712598,2.24671101181596,2.88742055521988,1.67502574734992,1.43767344825847,1.15369491284044,1.05246227171942,1.00913780458503,1.05363687668992,1.07020422651406,0.981940461895437,2.20179846842632,1.40888517813813,1.51580806262624,1.92138336255286,3.07360119299641,4.54740274988322
Kenya,KEN,Adjusted net national income per capita (current US$),NY.ADJ.NNTY.PC.CD,356.714989853967,324.662381492757,284.915442450859,265.357111510259,267.989896076996,258.411932279784,292.609448176931,310.909411233194,312.972100843375,300.719034271848,292.795104815399,266.465569837345,258.349976513066,167.825552467253,207.308203411803,252.782838460977,339.661030883682,366.425460489424,386.056078283612,344.849224632916,331.214755538804,329.666885426679,321.203994056563,345.834173850528,368.916977183222,425.625347232417,581.385145990396,695.135733196103,763.965921058147,766.380562530907,809.346137008377,830.421081742447,970.685967468284,1023.46538205593,1102.0331311344,1126.00992612641,1311.56501388773,1396.31686063828,1555.71558602995,1684.56606069321
Kenya,KEN,"Official exchange rate (LCU per US$, period average)",PA.NUS.FCRF,7.420187499,9.04749833258333,10.9223249994167,13.3115166659167,14.4138749994167,16.4321166665,16.2257416665,16.4544916666667,17.7471,20.5724666666667,22.9147666666667,27.5078666666667,32.2168333333333,58.0013333333333,56.050575,51.4298333333333,57.1148666666667,58.7318416666667,60.3667,70.3262166666667,76.1755416666667,78.563195,78.7491416666667,75.9355694444444,79.1738760642136,75.5541094514311,72.1008350178621,67.3176381242857,69.175319816226,77.352012297579,79.2331517045455,88.8107699710456,84.5296017573529,86.1228788982654,87.9221638089727,98.1784533265271,101.504369498594,103.410004519014,101.301574049018,101.99129838935
United States,USA,"Population, total",SP.POP.TOTL,227225000,229466000,231664000,233792000,235825000,237924000,240133000,242289000,244499000,246819000,249623000,252981000,256514000,259919000,263126000,266278000,269394000,272657000,275854000,279040000,282162411,284968955,287625193,290107933,292805298,295516599,298379912,301231207,304093966,306771529,309327143,311583481,313877662,316059947,318386329,320738994,323071755,325122128,326838199,328329953
United States,USA,GDP (current US$),NY.GDP.MKTP.CD,2857307000000,3207041000000,3343789000000,3634038000000,4037613000000,4338979000000,4579631000000,4855215000000,5236438000000,5641580000000,5963144000000,6158129000000,6520327000000,6858559000000,7287236000000,7639749000000,8073122000000,8577554457000,9062818202000,9631174489000,10250947997000,10581929774000,10929112955000,11456442041000,12217193198000,13039199193000,13815586948000,14474226905000,14769857911000,14478064934000,15048964444000,15599728123000,16253972230000,16843190993000,17550680174000,18206020741000,18695110842000,19477336549000,20533057312000,21380976119000
United States,USA,"Inflation, GDP deflator: linked series (annual %)",NY.GDP.DEFL.KD.ZG.AD,..,..,..,..,..,..,..,..,..,..,3.74332973950307,3.38176155752325,2.27891032200954,2.37033959228728,2.13542371031643,2.09690072853132,1.83096786909518,1.72443131394728,1.12553310417421,1.40923275648311,2.26554767048013,2.25295235878073,1.55853138907887,1.97359931687618,2.68440804151825,3.13582406672013,3.08558293163451,2.70252656886152,1.91793297784062,0.640954732672782,1.20179162538872,2.0777138203681,1.87059552937039,1.75094977881791,1.86989137220993,1.00054163291141,1.00223548021816,1.89961013996167,2.40405859264381,1.79393050089551
United States,USA,Total debt service (% of GNI),DT.TDS.DECT.GN.ZS,..,..,..,..,..,..,..,..,..,..,..,..,..,..,..,..,..,..,..,..,..,..,..,..,..,..,..,..,..,..,..,..,..,..,..,..,..,..,..,..
United States,USA,Adjusted net national income per capita (current US$),NY.ADJ.NNTY.PC.CD,10117.1180735584,11452.0574975826,12043.7069028654,12770.5164862626,14283.9047668285,15165.045482616,15855.9010106145,16750.1109720742,18162.2872518976,19138.5568943266,19905.2628412457,20284.2399230542,21195.5370280152,21893.2226048749,23103.5614040243,24106.7732257446,25325.9747124502,26804.1872210244,28277.5950884838,29584.4215834984,31166.9381412414,31888.818031456,32505.7038024844,33555.3389578932,35535.1868984932,37454.4722469241,39721.62665009,40525.8197474918,40165.5509788941,39149.3111472822,41128.2745454572,42673.6792893905,44760.6451524069,45715.1083719593,47633.2517836041,49077.9663435706,49564.3519767542,51472.0580124208,53858.1299848776,55620.4038977132
United States,USA,"Official exchange rate (LCU per US$, period average)",PA.NUS.FCRF,1,1,1,1,1,1,1,1,1,1,1,1,1,1,1,1,1,1,1,1,1,1,1,1,1,1,1,1,1,1,1,1,1,1,1,1,1,1,1,1
Sweden,SWE,"Population, total",SP.POP.TOTL,8310531,8320503,8325263,8329033,8336605,8350386,8369829,8397804,8436489,8492964,8558835,8617375,8668067,8718561,8780745,8826939,8840998,8846062,8850974,8857874,8872109,8895960,8924958,8958229,8993531,9029572,9080505,9148092,9219637,9298515,9378126,9449213,9519374,9600379,9696110,9799186,9923085,10057698,10175214,10278887
Sweden,SWE,GDP (current US$),NY.GDP.MKTP.CD,142092068280.689,129686938223.328,114380557730.876,105014356666.797,109201362581.3,114123537581.794,150498057723.623,183009638350.893,206986674500.588,217948315624.564,261846194498.885,274229034311.699,284321115594.629,212953336588.123,229033566614.826,267305875261.099,291743811512.079,268146144677.73,270809066780.714,274072182416.731,262835454366.855,242395852494.409,266849061835.659,334337212322.076,385118044877.465,392218088878.779,423093437423.762,491252589217.021,517706149201.196,436537014293.554,495812558843.31,574094112972.733,552483727282.802,586841821796.891,581964017237.095,505103781349.757,515654671469.547,541018749769.097,555455371487.089,533879529188.454
Sweden,SWE,"Inflation, GDP deflator: linked series (annual %)",NY.GDP.DEFL.KD.ZG.AD,..,..,..,..,..,..,..,..,..,..,9.47382068413938,8.24678891530533,1.01534124278373,2.21227109193029,2.58804231614012,3.81139139844461,1.00905860647234,1.52551795787954,0.812959691365791,0.897864615617408,1.50577048243903,2.48352296605476,1.54763939768029,1.70023943467432,0.333021897741205,0.686383050698964,1.75741369074541,2.82589323136247,3.23523527997193,2.35890510051033,0.947565418694609,1.08835940037071,1.00142202301616,0.927395691401983,1.74453129158347,2.12118024509547,1.52560991398094,2.13515182451252,2.39692033450507,2.54687548145611
Sweden,SWE,Total debt service (% of GNI),DT.TDS.DECT.GN.ZS,..,..,..,..,..,..,..,..,..,..,..,..,..,..,..,..,..,..,..,..,..,..,..,..,..,..,..,..,..,..,..,..,..,..,..,..,..,..,..,..
Sweden,SWE,Adjusted net national income per capita (current US$),NY.ADJ.NNTY.PC.CD,14680.6033834126,13275.5001832532,11593.4286090996,10583.844633165,11050.5207700377,11509.6134437477,15273.8260602927,18595.2799615379,20852.6606191983,21697.038439043,25680.5825849095,26549.2940411374,26897.0118038521,19711.1940067649,21623.4081108784,25357.1719087533,27555.7508842383,25246.4071120497,25552.0467324528,26206.5385407445,25025.3806730763,22859.3056282754,25085.752411422,31984.2553213704,36331.3847437036,37127.9803817871,40452.4096642975,46849.5373137718,48848.5867755917,39718.7947971792,45188.8555297413,51652.8181092811,49429.3923699191,52089.6352759408,51104.4307652468,43373.545425611,43610.186697005,45639.9405617351,46269.2086666443,44558.1229340654
Sweden,SWE,"Official exchange rate (LCU per US$, period average)",PA.NUS.FCRF,4.229574999,5.06344166566667,6.28260833233333,7.66710833233333,8.27179999941667,8.60392499966667,7.12358333333333,6.34044166666667,6.12715,6.44687583333333,5.91879,6.04746666666667,5.82383333333333,7.78342666666667,7.71597,7.13326833333333,6.70595583333333,7.63489416666667,7.94986816666667,8.26242833333333,9.16224416666667,10.3291358333333,9.73712333333333,8.08630416666667,7.34888666666667,7.47308833333333,7.37824916666667,6.75877,6.59109916666667,7.65381916666667,7.20752416666667,6.49354333333333,6.77501583333333,6.51397166666667,6.860785,8.43484083333333,8.56199166666667,8.54886083333333,8.69251833333333,9.45834916666666
Qatar,QAT,"Population, total",SP.POP.TOTL,277450,294887,312608,330454,348241,365868,382328,397391,412142,426896,441675,456486,471293,486041,500683,515133,529265,550591,580997,613302,645937,678831,713186,748525,777943,848710,1015060,1231893,1444277,1610274,1713504,1804171,1905660,2035501,2214465,2414573,2595166,2711755,2766732,2807235
Qatar,QAT,GDP (current US$),NY.GDP.MKTP.CD,7829165261.81396,8661263763.73626,7596703214.28571,6467582307.69231,6704395824.17582,6153296456.04396,5053021950.54945,5446428681.31868,6038187032.96703,6487912087.91209,7360439423.07692,6883516483.51648,7646153983.51648,7156593653.84615,7374450769.23077,8137911978.02198,9059340384.61539,11297802115.3846,10255495027.4725,12393131868.1319,17759890109.8901,17538461538.4615,19363736263.7363,23533791208.7912,31734065934.0659,44530494505.4945,60882142857.1429,79712087912.0879,115270054945.055,97798351648.3516,125122306346.154,167775268626.374,186833502362.637,198727642967.033,206224598571.429,161739955576.923,151732181868.132,161099122225.275,183334953818.681,176371267689.082
Qatar,QAT,"Inflation, GDP deflator: linked series (annual %)",NY.GDP.DEFL.KD.ZG.AD,..,..,..,..,..,..,..,..,..,..,..,..,..,..,..,..,..,..,..,..,..,-4.95194097117833,3.00900517451197,17.1764677384087,13.1067848451559,30.5426998130357,8.3616135354893,10.9698605953142,22.8995646881724,-24.2181008766069,6.9793298939115,18.2701713424367,6.32996223555197,0.767488571935985,-1.4827510630932,-25.1298074959929,-8.97669905751843,7.78756965604812,12.4144035260003,-4.45591421178636
Qatar,QAT,Total debt service (% of GNI),DT.TDS.DECT.GN.ZS,..,..,..,..,..,..,..,..,..,..,..,..,..,..,..,..,..,..,..,..,..,..,..,..,..,..,..,..,..,..,..,..,..,..,..,..,..,..,..,..
Qatar,QAT,Adjusted net national income per capita (current US$),NY.ADJ.NNTY.PC.CD,14094.9548624451,19017.9140579674,18340.4088361211,14820.757982295,12584.0346584286,13361.7400568312,11772.7409881743,11448.6673484433,11594.369206536,10648.4507267997,9306.10318269107,10763.0693750148,11532.3608201785,10530.1758693519,10482.4042788155,11334.966585949,10826.4126744091,14850.4714772476,12078.1230355744,13597.1891851636,17633.6183881875,17989.9247884174,20712.0614277416,24739.8718574171,29508.1464965004,34639.6980714956,41043.4789283377,44525.2921258399,52540.9493873317,39628.3010476521,44814.3945372013,57215.0511284523,62396.3498742241,64743.9307157786,64341.4806334537,49756.6650613728,44583.6541150227,45179.9360056443,48208.6961411525,45786.1438284201
Qatar,QAT,"Official exchange rate (LCU per US$, period average)",PA.NUS.FCRF,3.65696666566667,3.639999999,3.639999999,3.639999999,3.63999999958333,3.64,3.64,3.64,3.64,3.64,3.64,3.64,3.64,3.64,3.64,3.64,3.64,3.64,3.64,3.64,3.64,3.64,3.64,3.64,3.64,3.64,3.64,3.64,3.64,3.64,3.64,3.64,3.64,3.64,3.64,3.64,3.64,3.64,3.64,3.64
Singapore,SGP,"Population, total",SP.POP.TOTL,2413945,2532835,2646466,2681061,2732221,2735957,2733373,2774789,2846108,2930901,3047132,3135083,3230698,3313471,3419048,3524506,3670704,3796038,3927213,3958723,4027887,4138012,4175950,4114826,4166664,4265762,4401365,4588599,4839396,4987573,5076732,5183688,5312437,5399162,5469724,5535002,5607283,5612253,5638676,5703569
Singapore,SGP,GDP (current US$),NY.GDP.MKTP.CD,11896256782.8566,14175228843.6391,16084252378.473,17784112149.5327,19749361097.965,19156532745.7691,18586746056.9974,20919215578.2125,25371462488.1292,30465364738.6206,36144336768.7023,45466164978.2923,52131320032.8797,60603815716.2653,73688724431.1412,87812540788.4293,96293086513.0872,100123787215.299,85728207781.7785,86286849754.8905,96076539925.7409,89793790669.6515,92538372869.6942,97646401095.6369,115033593101.049,127807848728.398,148627286361.351,180941701357.97,193617323539.203,194150283771.566,239807980591.24,279356499090.458,295092888076.589,307576360584.992,314863580758.455,307998545269.398,319030057631.089,343272878686.388,376869492498.009,376837580397.579
Singapore,SGP,"Inflation, GDP deflator: linked series (annual %)",NY.GDP.DEFL.KD.ZG.AD,..,..,..,..,..,..,..,..,..,..,4.69742330546458,4.43534521070245,1.38770305954598,3.45618677483372,3.46273962769924,3.17627830929234,1.50622281220359,1.08499221815259,-1.32884855456203,-3.57782977150977,3.86347751783269,-1.81443173071348,-0.896915632384648,-1.79904886938878,3.95952821977868,1.9005186505386,1.8441830136442,5.91682447669695,-1.38155543169427,2.95392464373782,1.10780871344616,1.17079820355097,0.495345771200874,-0.431059391871671,-0.267270041634802,3.07195500966418,0.469483247020548,2.87515298539518,3.53465075505316,-0.201648173263933
Singapore,SGP,Total debt service (% of GNI),DT.TDS.DECT.GN.ZS,..,..,..,..,..,..,..,..,..,..,..,..,..,..,..,..,..,..,..,..,..,..,..,..,..,..,..,..,..,..,..,..,..,..,..,..,..,..,..,..
Singapore,SGP,Adjusted net national income per capita (current US$),NY.ADJ.NNTY.PC.CD,4009.06143766865,4482.74495305209,4876.33547885792,5486.684196816,6157.12606592179,5975.04404955685,5659.44395292765,6065.89226004557,7395.31608230854,8777.94490129008,10038.8698044078,12202.4545429017,13795.0297481033,15241.7734238495,18683.6531468389,21917.9865166917,22712.2266129945,23608.0521208031,18971.8487585992,18719.4340583199,20280.9491535277,18081.4719872586,18040.140873817,19054.0592734292,21398.1336325433,23539.8837056538,27931.8420257409,32959.45037083,32449.6034197398,30670.1095636932,40278.6649931937,44678.0997784174,45310.3994618189,45715.8555378486,47257.5679847837,43257.8620227319,44514.6459530865,47208.5107978012,48006.3350965099,46216.4181019565
Singapore,SGP,"Official exchange rate (LCU per US$, period average)",PA.NUS.FCRF,2.14120833258333,2.112691666,2.14002499916667,2.113049999,2.133083333,2.20014999966667,2.1774166665,2.10598333333333,2.012425,1.95025833333333,1.81253333333333,1.72755,1.62896666666667,1.61579083333333,1.52744416666667,1.417375,1.41004083333333,1.48480583333333,1.67360166666667,1.69495666666667,1.72396333333333,1.7917225,1.79058833333333,1.74218333333333,1.69022833333333,1.6643975,1.58893333333333,1.50710166666667,1.41486083333333,1.45451471343873,1.36350833333333,1.25777587719298,1.2496762037037,1.2513,1.26705,1.374825,1.38154636363636,1.380925,1.34884166666667,1.36415833333333
Cote d'Ivoire,CIV,"Population, total",SP.POP.TOTL,8303810,8621621,8948119,9282050,9621405,9964075,10309440,10663498,11043193,11462943,11910540,12369269,12838314,13316448,13802285,14299727,14810946,15335453,15858990,16345894,16799670,17245468,17683897,18116451,18544903,18970215,19394057,19817700,20244449,20677762,21120042,21562914,22010712,22469268,22995555,23596741,24213622,24848016,25493988,26147551
Cote d'Ivoire,CIV,GDP (current US$),NY.GDP.MKTP.CD,10175617589.1232,8432589956.34896,7567110855.85391,6838184772.07869,6841639250.21886,6977650648.47401,9158302111.36131,10087654451.341,10255169812.0186,9757410629.74456,10795850584.5874,10492628587.8153,11152971284.4722,11045760268.6163,8313557515.23869,11000146268.7173,18071152821.0721,18047558026.8813,19619654769.9792,18870992455.568,16577533891.1783,16810537037.873,18054383333.8602,21251754334.2005,23510575668.4394,24036918719.1307,25281413268.2105,28760090924.4659,34078240260.4002,33886813225.705,34936307964.5293,36693710823.1998,36302302845.3012,42760235497.5958,48843005625.5796,45815005170.815,48407761031.9226,52512344033.7688,58522477744.5444,59898479821.2323
Cote d'Ivoire,CIV,"Inflation, GDP deflator: linked series (annual %)",NY.GDP.DEFL.KD.ZG.AD,..,..,..,..,..,..,..,..,..,..,-4.52327354283084,0.663489267146474,-0.0238371372650903,6.15419429089883,46.386069435419,11.0437898513941,4.98308457613628,3.9214742013522,5.38736139065696,-0.775911929443382,1.60101728726917,6.87596879742645,4.58213735216555,3.27812069285412,-2.50335752004386,1.30130527324141,1.3595382596009,3.08854944572292,5.37293348500339,1.20777929723688,1.5162179241976,5.70932050005679,-0.404098360740875,2.87673042852516,4.40733235572075,4.77568237270827,-1.17983243565696,-1.0416772484882,1.6819764711252,1.35808162094249
Cote d'Ivoire,CIV,Total debt service (% of GNI),DT.TDS.DECT.GN.ZS,14.5352755298861,19.3769137676269,21.9139634620641,20.6090652112571,17.9352067350729,17.6981755000307,15.5979354993307,14.8778427015678,11.5546651029671,12.8521086735387,13.7026402718721,14.0278982633646,11.8238748875405,11.3012420877633,16.5023234886085,10.448069648131,12.2485578919768,10.6033337162679,11.5090820355985,12.3577082383138,10.4983205484304,6.24299158810755,7.65306406374185,4.37576841159559,2.64963966685419,1.86813150519789,1.57866003176588,2.20468655922003,4.47458034775853,4.83465363260821,3.1314423605504,2.99276624396185,2.78221682206556,3.51547067331005,2.10576669962223,1.806114884219,3.31061500451713,4.41115582237305,2.90811149698291,5.15762648105318
Cote d'Ivoire,CIV,Adjusted net national income per capita (current US$),NY.ADJ.NNTY.PC.CD,1059.94164612766,824.141484897756,711.976348427675,594.878095645071,593.754079404313,569.582914136025,750.955271627365,785.90289269082,772.483683474354,674.742674072226,709.382113197661,680.405614548966,708.421672029625,672.900718685257,505.732779835082,656.835994959925,694.517978764483,660.297190322614,703.05198555065,665.291228697378,528.227362860634,531.832914901961,569.534014420639,674.441469043506,740.202407144491,791.377260442003,794.261215256571,904.211136943515,1058.74228432847,1059.67378180524,1070.9502322354,1047.27890876619,1109.57627140383,1260.85337472475,2020.67224732465,1835.53782140925,1846.77296271616,1918.45158706856,2098.23206806775,2079.94948124254
Cote d'Ivoire,CIV,"Official exchange rate (LCU per US$, period average)",PA.NUS.FCRF,211.279555414705,271.731452550327,328.60625269899,381.066036024628,436.956665788008,449.262962711607,346.305903554493,300.536562401478,297.848218819378,319.008299487903,272.264787954393,282.10690880882,264.691800750579,283.162579500018,555.204695655697,499.14842590131,511.552430272516,583.669372353396,589.951774567332,615.473349319164,710.207977031367,732.397693260228,693.713226496374,579.897426172466,527.338032291576,527.258362649626,522.425624895176,478.633718476363,446.000041432788,470.293423341398,494.794262222947,471.248625718937,510.556338454251,493.899623852237,493.757329875312,591.21169798261,592.605615063022,580.656749587858,555.446458398226,585.911013180369
Comoros,COM,"Population, total",SP.POP.TOTL,328328,337986,347053,356137,365664,375650,386068,396887,408070,419584,431119,442277,452990,463318,473478,483760,494288,505033,515959,526443,536758,547741,559047,570130,581154,592683,604658,616899,629470,642493,656024,670071,684553,699393,714612,730216,746232,761664,776313,790986
Comoros,COM,GDP (current US$),NY.GDP.MKTP.CD,212218261.585643,196349931.540286,184009013.562815,191621954.855332,184697225.637076,196726096.329131,279197721.807577,337525852.647575,356500032.676316,341476768.326033,429622177.724885,424108769.502231,457388651.500941,452881475.071813,319189184.255639,398461797.009413,396053805.891754,364445600.525492,370106745.930146,382454989.945311,351136579.648632,378512024.077556,425964681.044378,546885222.713065,633706110.795614,653845169.168576,698431793.872776,795673153.183373,915659107.761613,905341173.9738,907978731.702123,1023086272.69622,1015843491.24635,1116224107.17116,1149587659.74502,966029599.801228,1012835492.51575,1077439756.12221,1188797449.96029,1195019531.03664
Comoros,COM,"Inflation, GDP deflator: linked series (annual %)",NY.GDP.DEFL.KD.ZG.AD,..,..,..,..,..,..,..,..,..,..,2.17591230027585,8.11890514430118,-6.76452931008099,2.83282370712936,9.41691926921528,8.32097449521858,3.19870033913645,0.924366549607996,1.34665437141399,5.81136042283326,3.42644546723936,8.62998398922237,4.17065591684414,5.11182917627502,3.38836173249462,0.315881658228534,3.11076370928964,3.5449226957637,3.14428979865365,0.986041110949643,1.6751524700268,3.04568880149402,4.27048256936031,1.75215703553242,0.835044861947765,-0.522859922969374,1.71498680821954,0.40249413511539,1.8356679398124,4.20910596809098
Comoros,COM,Total debt service (% of GNI),DT.TDS.DECT.GN.ZS,0.189749325844657,0.405109096203346,0.476054882062537,0.788206162668575,1.51630584055884,1.1157487562657,0.782332020536723,0.484230134268085,0.291888414704849,0.446092573632158,0.258629306449592,1.92112241910101,1.23157974405657,0.477427759820091,0.873677358015411,0.241503856625993,0.360311934858966,0.748674616542861,0.645912815076622,0.944408379768158,0.926379370325599,0.749867643756518,1.11010893462389,0.559952755268897,0.5236476534767,0.6182609602677,0.538948174065399,3.28306922180836,1.35330238342504,1.31248830998105,0.473886507465109,0.385508208902603,1.21708013357397,0.0527958981344746,0.0677899387477249,0.764493461702575,0.62569823853008,0.369937989738928,0.510424360412491,0.50593047177774
Comoros,COM,Adjusted net national income per capita (current US$),NY.ADJ.NNTY.PC.CD,608.608287842599,546.353075259605,496.449006154063,503.431396807439,474.129516576729,486.413683848606,672.054730994084,795.339787202254,814.170287300833,766.828614298396,931.877335314078,897.865110135729,952.570122661681,918.715274517787,628.826766802637,755.59331740291,733.606746521769,660.156181740358,654.573028120963,668.12277928347,604.355216186753,639.979148643697,702.658001316342,881.340116308519,1005.61105560245,1021.19168791733,1071.1944969661,1190.15358695434,1338.77014104506,1299.11827079842,1269.69441665973,1395.25724095939,1348.89178706546,1452.27305450852,1466.38583477407,1200.91979684405,1234.02163151,1290.31553491191,1412.11607924551,1395.67252161893
Comoros,COM,"Official exchange rate (LCU per US$, period average)",PA.NUS.FCRF,211.277765044038,271.729149913798,328.603468108712,381.062806893197,436.95296304263,449.259155683385,346.302968978403,300.534015672123,297.845694870891,319.005596230123,272.262480798412,282.104518251279,264.689557767651,283.160179996784,416.398820951824,374.357093251525,383.659991508088,437.747087471253,442.458835940057,461.792998463164,532.65598277353,549.298269945144,520.284919872278,434.923069629334,395.503524218688,395.443771987232,391.819218671385,358.975288857269,334.500031074591,352.720067506049,371.095696667202,353.4364692892,382.917253840688,370.424717889175,370.31799740649,443.408773486957,444.454211297254,435.492562190889,416.584843798676,439.463110317875
Norway,NOR,"Population, total",SP.POP.TOTL,4085620,4099702,4114787,4128432,4140099,4152516,4167354,4186905,4209488,4226901,4241473,4261732,4286401,4311991,4336613,4359184,4381336,4405157,4431464,4461913,4490967,4513751,4538159,4564855,4591910,4623291,4660677,4709153,4768212,4828726,4889252,4953088,5018573,5079623,5137232,5188607,5234519,5276968,5311916,5347896
Norway,NOR,GDP (current US$),NY.GDP.MKTP.CD,64439382896.0156,63596654760.8677,62647195537.6511,61627240831.0948,62057955032.7758,65416879914.3907,78693118044.0045,94229907235.6215,101900260856.222,102633934390.615,119791843059.572,121872464483.487,130838040067.584,120579213712.804,127131319428.701,152029612324.788,163520109150.671,161356631888.484,154230295158.447,162383706021.13,171457201935.968,174239354070.977,195914852576.467,229385469337.024,265268662473.297,309978579743.888,346915160681.708,402643260487.572,464917553191.489,387976400617.019,431052143940.438,501360549669.404,512777309840.997,526014468085.106,501736471832.848,388159512245.53,370956547619.048,401745275035.261,439788625883.8,408742840909.091
Norway,NOR,"Inflation, GDP deflator: linked series (annual %)",NY.GDP.DEFL.KD.ZG.AD,..,..,..,..,..,..,..,..,..,..,3.81157220338331,2.21180066239859,-0.639759770603149,2.29292031803006,-0.15599774778363,3.06141927718748,4.26149805055043,2.78575837842637,-0.692592276644049,6.62302293772699,15.3333099619942,1.71264025643715,-1.52020671606276,2.86082328613723,5.85016617014062,8.76304488393352,8.73214952942989,3.07769870381014,10.5663830343854,-5.11594400838129,5.95536133797087,6.67279000191441,3.35308930089886,2.5532389173337,0.258332848947191,-2.80446812171388,-1.59809716352439,4.08094934122931,6.74292461940227,-0.548437016889537
Norway,NOR,Total debt service (% of GNI),DT.TDS.DECT.GN.ZS,..,..,..,..,..,..,..,..,..,..,..,..,..,..,..,..,..,..,..,..,..,..,..,..,..,..,..,..,..,..,..,..,..,..,..,..,..,..,..,..
Norway,NOR,Adjusted net national income per capita (current US$),NY.ADJ.NNTY.PC.CD,12006.794748599,12048.2876754212,11904.3379913977,11483.1392508468,11506.3877367476,12237.2158857907,14973.0459901072,17521.8079165276,18515.2207269111,17954.1289810579,20580.5348917878,21541.9141394437,23144.7439433448,21015.147319652,22345.2811851357,26850.0741544996,28212.5734846284,28300.1917579948,27906.6756104694,28327.1198794759,27940.5096356811,29556.1852747223,33279.7886065565,39178.4032384882,44745.8368939184,52495.2527311086,57640.6815408474,66289.581049112,72925.9561600789,62013.7876489507,69298.7699030136,77792.2462862535,79207.1416976655,81275.5747020368,78188.0489406389,61241.2873348176,58475.3238826672,61772.5777083249,66488.2633815305,60649.0231328457
Norway,NOR,"Official exchange rate (LCU per US$, period average)",PA.NUS.FCRF,4.939224999,5.73950833233333,6.45403333233333,7.29636666566667,8.16145833258333,8.59723333308333,7.39474166666667,6.73745,6.51698333333333,6.9045,6.25974166666667,6.4829425,6.21450083333333,7.09412916666667,7.05758416666667,6.33515666666667,6.44980833333333,7.07340083333333,7.5450975,7.79917166666667,8.80184166666667,8.99165416666667,7.98377883333333,7.08021666666667,6.74083333333333,6.4425,6.41333333333333,5.86166666666667,5.64,6.28833333333333,6.04416666666667,5.60460730676329,5.8175,5.875,6.30166666666667,8.06416666666667,8.4,8.27166666666667,8.1325,8.8
Germany,DEU,"Population, total",SP.POP.TOTL,78288576,78407907,78333366,78128282,77858685,77684873,77720436,77839920,78144619,78751283,79433029,80013896,80624598,81156363,81438348,81678051,81914831,82034771,82047195,82100243,82211508,82349925,82488495,82534176,82516260,82469422,82376451,82266372,82110097,81902307,81776930,80274983,80425823,80645605,80982500,81686611,82348669,82657002,82905782,83092962
Germany,DEU,GDP (current US$),NY.GDP.MKTP.CD,950290856466.538,800472055387.278,776576439106.956,770684323247.798,725111123634.115,732534887058.198,1046259374943.71,1298176105549.51,1401233225303.49,1398967436804.33,1771671206875.68,1868945197407.19,2131571696931.75,2071323790370.28,2205074123177.05,2585792275146.72,2497244606186.64,2211989623279.95,2238990774702.68,2194945278872.59,1947981991011.77,1945790973803.15,2078484517474.51,2501640388482.35,2814353869359.08,2846864211175.1,2994703642023.53,3425578382921.58,3745264093617.19,3411261212652.34,3399667820000.01,3749314991050.59,3527143188785.16,3733804649549.03,3889093051023.52,3357585719351.56,3469853463945.53,3690849152517.65,3974443355019.6,3889177589254.9
Germany,DEU,"Inflation, GDP deflator: linked series (annual %)",NY.GDP.DEFL.KD.ZG.AD,..,..,..,..,..,..,..,..,..,..,3.39664344990661,3.0850797602741,5.30619664154659,3.88366391994282,2.05160802865106,1.98132464852524,0.602279503049189,0.272816321974162,0.688465401249033,0.343135141558832,-0.489389005327581,1.30499491007868,1.37812582409744,1.32125352370875,1.11559586662639,0.405207331851614,0.397281154893903,1.77027320694081,0.909330422301522,1.84189163776318,0.645275771121817,1.06948374534943,1.49648883779834,1.95939168302444,1.87793985374911,1.85367882408802,1.32775222269545,1.50373898915133,2.00749244131613,2.13030905148273
Germany,DEU,Total debt service (% of GNI),DT.TDS.DECT.GN.ZS,..,..,..,..,..,..,..,..,..,..,..,..,..,..,..,..,..,..,..,..,..,..,..,..,..,..,..,..,..,..,..,..,..,..,..,..,..,..,..,..
Germany,DEU,Adjusted net national income per capita (current US$),NY.ADJ.NNTY.PC.CD,10333.0242702496,8598.92903862856,8303.4805222789,8295.59038721834,7863.416325591,7966.95372765194,11388.8270163182,14069.971742065,15243.0369339666,15136.4278883327,19019.0431912092,19773.3073385219,22313.2299624352,21371.8740588047,22642.9096316572,26435.1032873803,25446.259511175,22429.1623302763,22615.0093797927,22110.4170985051,19549.4418424554,19447.0356944079,20609.3815548286,24783.8963854618,28464.0295722083,28850.8727715642,30794.4617063347,35163.3139253451,38083.9347752768,34858.1248611429,34884.0347919125,39563.8173328957,36959.9689345963,38946.3130670579,40356.4831200369,34656.4419057496,35663.6788929644,37760.3396762277,40854.5559716182,39718.0023342505
Germany,DEU,"Official exchange rate (LCU per US$, period average)",PA.NUS.FCRF,1.81766666583333,2.25999999908333,2.42659166575,2.55325833241667,2.84594166616667,2.9439666665,2.17148333308333,1.79739166666667,1.756225,1.88004166666667,1.61573333333333,1.65954166666667,1.56165,1.65332083333333,1.62279416666667,1.4331325,1.50477416666667,1.73405583333333,1.7596676,0.938283072395239,1.08270508132601,1.11653308564468,1.05755899623965,0.884047927184961,0.803921647747605,0.803800192161416,0.796432730949096,0.729672399984088,0.679922680042729,0.716957702016136,0.754308990105979,0.718413898653322,0.778338120416812,0.752945122702002,0.752728196932591,0.901296423367096,0.903421436257288,0.88520550826938,0.846772667108096,0.893276257067393
,,,,,,,,,,,,,,,,,,,,,,,,,,,,,,,,,,,,,,,,,,,
,,,,,,,,,,,,,,,,,,,,,,,,,,,,,,,,,,,,,,,,,,,
,,,,,,,,,,,,,,,,,,,,,,,,,,,,,,,,,,,,,,,,,,,
Data from database: World Development Indicators,,,,,,,,,,,,,,,,,,,,,,,,,,,,,,,,,,,,,,,,,,,
Last Updated: 12/18/2023,,,,,,,,,,,,,,,,,,,,,,,,,,,,,,,,,,,,,,,,,,,
